year,make_of_car,model,Price(INR),location,Distance,Dieselorpetrol,Type,owner
2020,Renault,Kwid,4.9 Lakhs,Delhi,"19,000Kms",Petrol,Hatchback,1stOwner
2019,Tata,Tiago,5.65 Lakhs,Faridabad,"9,109Kms",Petrol,Hatchback,1stOwner
2019,Renault,Kwid,3.65 Lakhs,Faridabad,"14,214Kms",Petrol,Hatchback,1stOwner
2019,Renault,Kwid,3.65 Lakhs,Faridabad,"14,214Kms",Petrol,Hatchback,1stOwner
2019,Maruti,Suzuki,4.5 Lakhs,Ghaziabad,"20,200Kms",Petrol,Hatchback,1stOwner
2013,Renault,Duster,3.25 Lakhs,Delhi,"93,000Kms",Diesel,SUV,1stOwner
2013,Renault,Duster,3.95 Lakhs,Gurgaon,"66,612Kms",Diesel,SUV,1stOwner
2013,Renault,Duster,4.25 Lakhs,Gurgaon,"90,923Kms",Diesel,SUV,1stOwner
2014,Nissan,Terrano,4.5 Lakhs,Delhi,"67,841Kms",Diesel,SUV,1stOwner
2013,Renault,Duster,4.5 Lakhs,Delhi,"80,000Kms",Diesel,SUV,1stOwner
2019,Volkswagen,Ameo,5.45 Lakhs,Ghaziabad,"19,759Kms",Petrol,Sedan,1stOwner
2019,Maruti,Suzuki,11.5 Lakhs,Ghaziabad,"13,435Kms",Petrol,MPV,1stOwner
2016,Tata,Zest,3.75 Lakhs,Noida,"39,729Kms",Diesel,Sedan,1stOwner
2015,Maruti,Suzuki,2.75 Lakhs,Noida,"17,587Kms",Petrol,Hatchback,1stOwner
2018,Maruti,Suzuki,3.25 Lakhs,Noida,"4,262Kms",Petrol,Hatchback,2ndOwner
2011,Hyundai,Santro,,Noida,"67,980Kms",Petrol,Hatchback,2ndOwner
2010,Hyundai,I10,1.85 Lakhs,Delhi,"19,000Kms",Petrol,Hatchback,1stOwner
2010,Hyundai,I20,2.45 Lakhs,Faridabad,"75,236Kms",Petrol,Hatchback,1stOwner
2010,Hyundai,I20,2.45 Lakhs,Faridabad,"75,236Kms",Petrol,Hatchback,1stOwner
2009,Hyundai,I20,2.45 Lakhs,Noida,"60,000Kms",Petrol,Hatchback,2ndOwner
2013,Maruti,Suzuki,2.45 Lakhs,Faridabad,"40,000Kms",Petrol,Hatchback,1stOwner
2012,Hyundai,I10,2.5 Lakhs,Noida,"38,428Kms",Petrol,Hatchback,1stOwner
2015,Maruti,Suzuki,2.55 Lakhs,Faridabad,"27,385Kms",Petrol,Hatchback,1stOwner
2015,Maruti,Suzuki,2.55 Lakhs,Faridabad,"38,901Kms",Petrol,Hatchback,1stOwner
2015,Maruti,Suzuki,2.55 Lakhs,Noida,"46,061Kms",Petrol,Hatchback,2ndOwner
2015,Maruti,Suzuki,2.55 Lakhs,Noida,"44,000Kms",Petrol,Hatchback,2ndOwner
2010,Hyundai,I10,2.65 Lakhs,Ghaziabad,"26,500Kms",Petrol,Hatchback,1stOwner
2010,Hyundai,I10,2.65 Lakhs,Delhi,"26,858Kms",Petrol,Hatchback,1stOwner
2011,Maruti,Suzuki,2.75 Lakhs,Gurgaon,"81,000Kms",Petrol,+,CNGKit
2014,Hyundai,Santro,2.82 Lakhs,Faridabad,"38,102Kms",Petrol,Hatchback,1stOwner
2014,Hyundai,Santro,2.82 Lakhs,Faridabad,"38,102Kms",Petrol,Hatchback,1stOwner
2014,Maruti,Suzuki,2.85 Lakhs,Noida,"35,000Kms",Petrol,Hatchback,1stOwner
2013,Hyundai,I10,2.85 Lakhs,Gurgaon,"64,000Kms",Petrol,Hatchback,1stOwner
2012,Hyundai,I10,2.9 Lakhs,Gurgaon,"45,000Kms",Petrol,Hatchback,1stOwner
2013,Honda,Brio,2.92 Lakhs,Gurgaon,"43,000Kms",Petrol,Hatchback,2ndOwner
2010,Honda,City,3.25 Lakhs,Delhi,"80,000Kms",Petrol,Sedan,2ndOwner
2016,Maruti,Suzuki,3.25 Lakhs,Delhi,"25,000Kms",Petrol,Hatchback,2ndOwner
2018,Maruti,Suzuki,3.5 Lakhs,Ghaziabad,"10,790Kms",Petrol,Hatchback,1stOwner
2017,Renault,Kwid,3.5 Lakhs,Ghaziabad,"17,992Kms",Petrol,Hatchback,1stOwner
2016,Mahindra,Kuv100,3.75 Lakhs,Noida,"39,477Kms",Petrol,SUV,1stOwner
2013,Nissan,Sunny,3.75 Lakhs,Delhi,"55,260Kms",Petrol,Sedan,1stOwner
2013,Hyundai,I20,3.75 Lakhs,Delhi,"76,933Kms",Petrol,Hatchback,1stOwner
2015,Maruti,Suzuki,3.95 Lakhs,Noida,"53,767Kms",Petrol,Hatchback,2ndOwner
2016,Tata,Tiago,3.95 Lakhs,Noida,"49,000Kms",Petrol,Hatchback,1stOwner
2015,Honda,Amaze,4 Lakhs,Ghaziabad,"53,362Kms",Petrol,Sedan,2ndOwner
2017,Maruti,Suzuki,4 Lakhs,Ghaziabad,"69,000Kms",CNG,+,CNGKit
2012,Honda,City,4.5 Lakhs,Noida,"82,189Kms",Petrol,Sedan,1stOwner
2013,Ford,Ecosport,4.75 Lakhs,Delhi,"56,175Kms",Petrol,SUV,1stOwner
2012,Nissan,Sunny,2 Lakhs,Faridabad,1.37Lakhs,Kms,Diesel,SUV2nd
2014,Mahindra,Quanto,3.5 Lakhs,Gurgaon,"76,949Kms",Diesel,SUV,1stOwner
2012,Skoda,Yeti,4.65 Lakhs,Delhi,"79,211Kms",Diesel,SUV,1stOwner
2014,Nissan,Terrano,4.65 Lakhs,Gurgaon,"79,168Kms",Diesel,SUV,2ndOwner
2014,Ford,Ecosport,4.75 Lakhs,Ghaziabad,"80,777Kms",Diesel,SUV,2ndOwner
2014,Ford,Ecosport,4.75 Lakhs,Gurgaon,"66,246Kms",Diesel,SUV,2ndOwner
2014,Nissan,Terrano,4.75 Lakhs,Gurgaon,"70,433Kms",Diesel,SUV,2ndOwner
2013,Ford,Ecosport,4.75 Lakhs,Delhi,"41,000Kms",Diesel,SUV,1stOwner
2012,Mahindra,Xuv500,4.75 Lakhs,Gurgaon,"81,000Kms",Diesel,SUV,1stOwner
2011,Mitsubishi,Outlander,4.8 Lakhs,Gurgaon,1.39Lakhs,Kms,Petrol,SUV2nd
2017,Mahindra,Kuv100,4.85 Lakhs,Noida,"6,588Kms",Petrol,SUV,1stOwner
2012,Mahindra,Xuv500(2011_2015),4.95 Lakhs,Delhi,"70,000Kms",Diesel,SUV,1stOwner
2013,Renault,Duster,5 Lakhs,Delhi,"28,829Kms",Petrol,SUV,1stOwner
2016,Mahindra,Tuv,5.25 Lakhs,Delhi,"64,000Kms",Diesel,SUV,2ndOwner
2015,Ford,Ecosport,5.25 Lakhs,Noida,"82,185Kms",Diesel,SUV,1stOwner
2014,Ford,Ecosport,5.25 Lakhs,Delhi,"74,883Kms",Diesel,SUV,1stOwner
2013,Ford,Ecosport,5.25 Lakhs,Delhi,"63,972Kms",Diesel,SUV,1stOwner
2013,Ford,Ecosport,5.25 Lakhs,Ghaziabad,"63,900Kms",Diesel,SUV,1stOwner
2012,Toyota,Innova,5.25 Lakhs,Faridabad,2.17Lakhs,Kms,Diesel,SUV2nd
2016,Mahindra,Tuv,5.3 Lakhs,Gurgaon,"72,400Kms",Diesel,SUV,1stOwner
2013,Ford,Ecosport,5.35 Lakhs,Noida,"68,000Kms",Petrol,SUV,2ndOwner
2015,Renault,Duster,5.49 Lakhs,Ghaziabad,"74,523Kms",Diesel,SUV,1stOwner
2013,Mahindra,Scorpio,5.5 Lakhs,Delhi,"50,200Kms",Diesel,SUV,1stOwner
2013,Mahindra,Scorpio,5.5 Lakhs,Ghaziabad,"50,200Kms",Diesel,SUV,1stOwner
2018,Mahindra,Kuv100,5.6 Lakhs,Noida,"29,000Kms",Petrol,SUV,1stOwner
2018,Mahindra,Kuv100,5.6 Lakhs,Noida,"28,968Kms",Petrol,SUV,1stOwner
2014,Nissan,Terrano,5.65 Lakhs,Delhi,"65,472Kms",Diesel,SUV,1stOwner
2016,Maruti,Suzuki,5.65 Lakhs,Delhi,"74,290Kms",Diesel,SUV,1stOwner
2013,Toyota,Innova,5.7 Lakhs,Noida,1.2Lakhs,Kms,Diesel,SUV1st
2015,Ford,Ecosport,5.85 Lakhs,Gurgaon,"59,285Kms",Petrol,SUV,1stOwner
2015,Renault,Duster,5.9 Lakhs,Gurgaon,"44,000Kms",Petrol,SUV,1stOwner
2016,Mahindra,Tuv,5.95 Lakhs,Noida,"78,000Kms",Diesel,SUV,1stOwner
2015,Ford,Ecosport,5.95 Lakhs,Noida,"78,000Kms",Diesel,SUV,2ndOwner
2015,Ford,Ecosport,6 Lakhs,Delhi,"55,000Kms",Diesel,SUV,1stOwner
2015,Ford,Ecosport,6 Lakhs,Ghaziabad,"55,000Kms",Diesel,SUV,1stOwner
2013,Renault,Duster,6 Lakhs,Ghaziabad,"28,829Kms",Petrol,SUV,1stOwner
2016,Mahindra,Tuv,6.15 Lakhs,Noida,"85,049Kms",Diesel,SUV,1stOwner
2015,Ford,Ecosport,6.15 Lakhs,Delhi,"72,123Kms",Petrol,SUV,1stOwner
2016,Mahindra,Tuv,6.25 Lakhs,Noida,"92,000Kms",Diesel,SUV,1stOwner
2016,Mahindra,Tuv,6.25 Lakhs,Faridabad,"77,728Kms",Diesel,SUV,1stOwner
2016,Mahindra,Tuv,6.4 Lakhs,Delhi,"34,000Kms",Diesel,SUV,1stOwner
2016,Mahindra,Tuv,6.45 Lakhs,Faridabad,"77,728Kms",Diesel,SUV,1stOwner
2015,Ford,Ecosport,6.45 Lakhs,Gurgaon,"70,308Kms",Petrol,SUV,1stOwner
2015,Renault,Duster,6.5 Lakhs,Ghaziabad,"81,645Kms",Diesel,SUV,1stOwner
2016,Mahindra,Tuv,6.65 Lakhs,Gurgaon,"66,876Kms",Diesel,SUV,1stOwner
2016,Ford,Ecosport,6.75 Lakhs,Noida,"44,000Kms",Diesel,SUV,1stOwner
2015,Mahindra,Xuv500(2011_2015),6.9 Lakhs,Gurgaon,1.08Lakhs,Kms,Diesel,SUV1st
2016,Ford,Ecosport,6.95 Lakhs,Delhi,"34,736Kms",Petrol,SUV,1stOwner
2018,Mahindra,Bolero,7 Lakhs,Ghaziabad,"41,469Kms",Diesel,SUV,1stOwner
2017,Honda,Br,7 Lakhs,Delhi,"43,010Kms",Petrol,SUV,1stOwner
2017,Honda,Wr,7.25 Lakhs,Noida,"17,000Kms",Petrol,SUV,1stOwner
2017,Mahindra,Bolero,7.4 Lakhs,Delhi,"54,400Kms",Diesel,SUV,1stOwner
2016,Ford,Ecosport,7.4 Lakhs,Delhi,"55,965Kms",Diesel,SUV,1stOwner
2016,Mahindra,Xuv,7.5 Lakhs,Ghaziabad,"67,554Kms",Diesel,SUV,1stOwner
2016,Mahindra,Xuv,7.5 Lakhs,Delhi,"45,739Kms",Diesel,SUV,1stOwner
2017,Maruti,Suzuki,7.75 Lakhs,Gurgaon,"60,000Kms",Diesel,SUV,1stOwner
2017,Maruti,Suzuki,7.8 Lakhs,Gurgaon,"36,986Kms",Diesel,SUV,1stOwner
2012,BMW,X1,7.8 Lakhs,Delhi,"99,000Kms",Diesel,SUV,1stOwner
2018,Ford,Ecosport,7.95 Lakhs,Delhi,"77,642Kms",Petrol,SUV,1stOwner
2017,Tata,Hexa,10.95 Lakhs,Noida,"31,625Kms",Diesel,SUV,1stOwner
2019,Volkswagen,Polo,6.5 Lakhs,Delhi,"1,657Kms",Petrol,Hatchback,1stOwner
2019,Volkswagen,Polo,6.5 Lakhs,Ghaziabad,"1,657Kms",Petrol,Hatchback,1stOwner
2014,Mercedes,Benz,15.5 Lakhs,Delhi,"27,573Kms",Petrol,Sedan,2ndOwner
2019,Tata,Tiago,5.25 Lakhs,Noida,"10,617Kms",Petrol,Hatchback,1stOwner
2018,Hyundai,Elite,5.85 Lakhs,Delhi,"28,000Kms",Petrol,Hatchback,1stOwner
2017,Tata,Hexa,10.95 Lakhs,Noida,"31,625Kms",Diesel,SUV,1stOwner
2019,Tata,Tiago,5.25 Lakhs,Noida,"10,618Kms",Petrol,Hatchback,1stOwner
2018,Hyundai,Grand,5.25 Lakhs,Faridabad,"16,592Kms",Petrol,Hatchback,1stOwner
2018,Nissan,Micra,5.85 Lakhs,Delhi,"3,005Kms",Petrol,Hatchback,1stOwner
2018,Hyundai,Elite,6.85 Lakhs,Delhi,"39,014Kms",Petrol,Hatchback,1stOwner
2015,Maruti,Suzuki,5.5 Lakhs,Delhi,"59,478Kms",Diesel,Sedan,1stOwner
2015,Maruti,Suzuki,5.5 Lakhs,Ghaziabad,"57,000Kms",Diesel,Sedan,1stOwner
2014,Maruti,Suzuki,5.5 Lakhs,Delhi,"52,429Kms",Petrol,Sedan,1stOwner
2021,Jeep,Compass,25 Lakhs,Delhi,850Kms,Petrol,SUV,1stOwner
2015,Honda,City,6.75 Lakhs,Delhi,"25,000Kms",Petrol,Sedan,1stOwner
2018,Maruti,Suzuki,9.25 Lakhs,Delhi,"23,000Kms",Diesel,SUV,1stOwner
2011,Skoda,Superb,5.95 Lakhs,Delhi,"25,300Kms",Petrol,Sedan,1stOwner
2019,Maruti,Suzuki,8.25 Lakhs,Faridabad,"31,000Kms",Diesel,SUV,1stOwner
2018,Mahindra,Scorpio,12.25 Lakhs,Gurgaon,"98,001Kms",Diesel,SUV,1stOwner
2019,Maruti,Suzuki,5.9 Lakhs,Delhi,"15,023Kms",Petrol,Hatchback,1stOwner
2018,Hyundai,Creta,12.75 Lakhs,Delhi,"15,030Kms",Petrol,SUV,1stOwner
2016,Honda,City,8.45 Lakhs,Noida,"44,000Kms",Petrol,Sedan,1stOwner
2015,Honda,City,7 Lakhs,Delhi,"42,905Kms",Petrol,Sedan,1stOwner
2015,Honda,City,7 Lakhs,Ghaziabad,"42,685Kms",Petrol,Sedan,1stOwner
2015,Honda,Amaze,4.49 Lakhs,Noida,"42,000Kms",Petrol,Sedan,1stOwner
2014,Volkswagen,Vento,5.65 Lakhs,Noida,"65,000Kms",Petrol,Sedan,1stOwner
2014,Honda,City,6.35 Lakhs,Noida,"26,464Kms",Petrol,Sedan,1stOwner
2013,Maruti,Suzuki,4.15 Lakhs,Noida,"52,940Kms",Petrol,Hatchback,2ndOwner
2018,Renault,Kwid,4.31 Lakhs,Noida,"16,653Kms",Petrol,Hatchback,1stOwner
2018,Renault,Kwid,4.31 Lakhs,Noida,"16,000Kms",Petrol,Hatchback,1stOwner
2016,Mahindra,Xuv500(2015_2017),10.45 Lakhs,Noida,"54,000Kms",Diesel,SUV,1stOwner
2016,Hyundai,Elite,6.11 Lakhs,Noida,"26,000Kms",Petrol,Hatchback,1stOwner
2016,Mahindra,Xuv500(2015_2017),10.45 Lakhs,Noida,"54,897Kms",Diesel,SUV,1stOwner
2016,Honda,City,8.45 Lakhs,Noida,"44,625Kms",Petrol,Sedan,1stOwner
2016,Hyundai,I20,6.11 Lakhs,Noida,"26,837Kms",Petrol,Hatchback,1stOwner
2015,Tata,Zest,4.5 Lakhs,Delhi,"17,565Kms",Petrol,Sedan,1stOwner
2015,Hyundai,New,9 Lakhs,Delhi,"60,239Kms",Petrol,Sedan,1stOwner
2015,Maruti,Suzuki,1.76 Lakhs,Faridabad,"87,477Kms",Petrol,Hatchback,2ndOwner
2015,Honda,Amaze,4.49 Lakhs,Noida,"42,372Kms",Petrol,Sedan,1stOwner
2014,Honda,City,6.35 Lakhs,Noida,"26,123Kms",Petrol,Sedan,1stOwner
2013,Maruti,Suzuki,4.15 Lakhs,Noida,"52,045Kms",Petrol,Hatchback,2ndOwner
2012,Hyundai,New,6.75 Lakhs,Ghaziabad,"60,500Kms",Petrol,Sedan,1stOwner
2012,Hyundai,I20,3.5 Lakhs,Ghaziabad,"59,000Kms",Petrol,Hatchback,1stOwner
2012,Hyundai,New,6.75 Lakhs,Delhi,"65,265Kms",Petrol,Sedan,1stOwner
2014,Maruti,Suzuki,4.25 Lakhs,Delhi,"53,810Kms",Petrol,Hatchback,1stOwner
2014,Maruti,Suzuki,4.25 Lakhs,Ghaziabad,"54,000Kms",Petrol,Hatchback,1stOwner
2013,Honda,City,7 Lakhs,Ghaziabad,"48,000Kms",Petrol,Sedan,1stOwner
2013,Honda,Amaze,3.65 Lakhs,Gurgaon,"57,942Kms",Diesel,Sedan,1stOwner
2016,Mahindra,Kuv100,3.75 Lakhs,Delhi,"50,224Kms",Petrol,Hatchback,1stOwner
2014,Hyundai,I20,4.95 Lakhs,Delhi,"60,367Kms",Petrol,Hatchback,1stOwner
2019,Hyundai,Santro,5.75 Lakhs,Noida,"1,545Kms",Petrol,Hatchback,1stOwner
2017,Hyundai,Tucson,15.00 Lakhs,Gurgaon,"23,500Kms",Diesel,SUV,2ndOwner
2016,Volkswagen,Ameo,4.95 Lakhs,Noida,"21,778Kms",Petrol,Sedan,1stOwner
2016,Hyundai,Creta,9.5 Lakhs,Delhi,"62,987Kms",Diesel,CompactSUV,1stOwner
2015,Maruti,Suzuki,5.6 Lakhs,Delhi,"61,000Kms",Diesel,Hatchback,1stOwner
2014,Maruti,Suzuki,3 Lakhs,Ghaziabad,"47,951Kms",Petrol,Hatchback,2ndOwner
2014,Maruti,Suzuki,3 Lakhs,Delhi,"47,951Kms",Petrol,Hatchback,1stOwner
2018,Hyundai,Elite,6.7 Lakhs,Delhi,"19,000Kms",Petrol,Hatchback,1stOwner
2016,Maruti,Suzuki,5.25 Lakhs,Delhi,"49,970Kms",Petrol,Hatchback,1stOwner
2015,Hyundai,New,9 Lakhs,Ghaziabad,"60,200Kms",Petrol,Sedan,1stOwner
2014,Hyundai,I20,4.7 Lakhs,Delhi,"51,456Kms",Petrol,Hatchback,1stOwner
2013,Hyundai,Sonata,8 Lakhs,Delhi,"56,683Kms",Petrol,Sedan,1stOwner
2013,Hyundai,Sonata,8 Lakhs,Ghaziabad,"56,000Kms",Petrol,Sedan,1stOwner
2013,Hyundai,New,7.5 Lakhs,Ghaziabad,"62,000Kms",Petrol,Sedan,1stOwner
2018,Maruti,Suzuki,6.25 Lakhs,Delhi,"39,000Kms",Petrol,Hatchback,1stOwner
2016,Maruti,Suzuki,4.15 Lakhs,Faridabad,"32,966Kms",Petrol,Saloon,1stOwner
2014,Hyundai,Grand,3.95 Lakhs,Faridabad,"44,000Kms",Petrol,Hatchback,1stOwner
2013,Hyundai,Santro,2.1 Lakhs,Gurgaon,"51,245Kms",Petrol,Hatchback,1stOwner
2020,Hyundai,Elite,7.5 Lakhs,Delhi,"3,000Kms",Petrol,Hatchback,1stOwner
2018,Maruti,Suzuki,9.4 Lakhs,Delhi,"25,245Kms",Diesel,Hatchback,1stOwner
2018,Maruti,Suzuki,5.85 Lakhs,Faridabad,"14,808Kms",Petrol,Hatchback,1stOwner
2018,Hyundai,Xcent,5.35 Lakhs,Noida,"58,298Kms",Petrol,Sedan,1stOwner
2018,Hyundai,Xcent,5.35 Lakhs,Noida,"58,290Kms",Petrol,Sedan,1stOwner
2018,Maruti,Suzuki,4.65 Lakhs,Ghaziabad,"36,140Kms",CNG,+,CNGKit
2018,Maruti,Suzuki,5.1 Lakhs,Gurgaon,"46,447Kms",Diesel,Hatchback,1stOwner
2017,Renault,Kwid,3.25 Lakhs,Noida,"40,770Kms",Petrol,Hatchback,1stOwner
2017,Maruti,Suzuki,7.37 Lakhs,Noida,"36,194Kms",Petrol,Sedan,1stOwner
2017,Renault,Kwid,3.25 Lakhs,Noida,"40,760Kms",Petrol,Hatchback,1stOwner
2017,Maruti,Suzuki,7.37 Lakhs,Noida,"36,194Kms",Petrol,Sedan,1stOwner
2016,Honda,Jazz,5.35 Lakhs,Noida,"25,650Kms",Petrol,Hatchback,2ndOwner
2016,Honda,Jazz,5.35 Lakhs,Noida,"25,650Kms",Petrol,Hatchback,2ndOwner
2014,Hyundai,Grand,3.99 Lakhs,Noida,"13,709Kms",Petrol,Hatchback,1stOwner
2014,Hyundai,Grand,3.99 Lakhs,Noida,"13,709Kms",Petrol,Hatchback,1stOwner
2013,Hyundai,I20,3.2 Lakhs,Delhi,"80,295Kms",Petrol,Hatchback,2ndOwner
2018,Tata,Tiago,4.65 Lakhs,Gurgaon,"56,649Kms",Petrol,Hatchback,1stOwner
2018,Hyundai,Grand,5.25 Lakhs,Faridabad,"18,011Kms",Petrol,Hatchback,1stOwner
2014,Honda,Brio,3.75 Lakhs,Gurgaon,"46,577Kms",Petrol,Hatchback,1stOwner
2020,Maruti,Suzuki,5.75 Lakhs,Delhi,"12,308Kms",CNG,+,CNGKit
2017,Maruti,Suzuki,3.5 Lakhs,Delhi,"39,276Kms",Petrol,Hatchback,1stOwner
2017,Maruti,Suzuki,6.7 Lakhs,Delhi,"33,000Kms",Diesel,Sedan,1stOwner
2014,Honda,City,5.65 Lakhs,Delhi,"63,502Kms",Petrol,Sedan,1stOwner
2012,Maruti,Suzuki,2.45 Lakhs,Delhi,"42,000Kms",Petrol,Hatchback,1stOwner
2020,Hyundai,Venue,10.25 Lakhs,Faridabad,"7,406Kms",Petrol,SUV,1stOwner
2020,Hyundai,Venue,10.25 Lakhs,Faridabad,"7,406Kms",Petrol,SUV,1stOwner
2017,Maruti,Suzuki,8.15 Lakhs,Delhi,"49,244Kms",Diesel,SUV,1stOwner
2017,Maruti,Suzuki,4.7 Lakhs,Noida,"34,873Kms",Petrol,Hatchback,1stOwner
2017,Maruti,Suzuki,4.85 Lakhs,Delhi,"33,677Kms",Petrol,Hatchback,1stOwner
2017,Maruti,Suzuki,5 Lakhs,Ghaziabad,"53,334Kms",Petrol,Hatchback,1stOwner
2015,Maruti,Suzuki,3.8 Lakhs,Ghaziabad,"85,092Kms",Petrol,Hatchback,1stOwner
2015,Hyundai,Grand,3.85 Lakhs,Delhi,"49,568Kms",Petrol,Hatchback,1stOwner
2015,Hyundai,Eon,2.75 Lakhs,Faridabad,"51,840Kms",Petrol,Hatchback,1stOwner
2015,Hyundai,Eon,2.75 Lakhs,Faridabad,"51,090Kms",Petrol,Hatchback,1stOwner
2014,Maruti,Suzuki,2.45 Lakhs,Faridabad,"37,405Kms",Petrol,Hatchback,1stOwner
2014,Maruti,Suzuki,2.25 Lakhs,Faridabad,"37,405Kms",Petrol,Hatchback,1stOwner
2021,Maruti,Suzuki,12.95 Lakhs,Delhi,915Kms,Petrol,MPV,1stOwner
2020,Maruti,Suzuki,10 Lakhs,Ghaziabad,"2,491Kms",Petrol,SUV,1stOwner
2017,Toyota,Innova,17.35 Lakhs,Gurgaon,"59,000Kms",Diesel,MPV,1stOwner
2016,Hyundai,Grand,5 Lakhs,Delhi,"40,000Kms",Petrol,Hatchback,1stOwner
2018,Toyota,Platinum,6.15 Lakhs,Gurgaon,"34,089Kms",Petrol,Sedan,1stOwner
2017,Hyundai,Grand,4.75 Lakhs,Faridabad,"28,147Kms",Diesel,Hatchback,1stOwner
2018,Mahindra,Thar,9 Lakhs,Delhi,"5,915Kms",Diesel,SUV,1stOwner
2017,Renault,Kwid,3.45 Lakhs,Faridabad,"24,245Kms",Petrol,Hatchback,1stOwner
2017,Renault,Kwid,3.75 Lakhs,Faridabad,"24,245Kms",Petrol,Hatchback,1stOwner
2012,Honda,City,4.5 Lakhs,Delhi,"55,000Kms",Petrol,Sedan,1stOwner
2019,Maruti,Suzuki,5.95 Lakhs,Noida,"9,127Kms",Petrol,Hatchback,1stOwner
2016,Renault,Kwid,2.75 Lakhs,Delhi,"10,211Kms",Petrol,Hatchback,1stOwner
2016,Datsun,Redi,2.65 Lakhs,Delhi,"40,032Kms",Petrol,Hatchback,1stOwner
2015,Renault,Kwid,2.75 Lakhs,Noida,"16,856Kms",Petrol,Hatchback,1stOwner
2015,Nissan,Micra,3.35 Lakhs,Delhi,"25,111Kms",Petrol,Hatchback,1stOwner
2015,Tata,Zest,3.25 Lakhs,Noida,"52,340Kms",Diesel,Sedan,1stOwner
2014,Hyundai,Elantra,7.5 Lakhs,Delhi,"55,000Kms",Petrol,Sedan,1stOwner
2014,Honda,Amaze,3.75 Lakhs,Noida,"61,726Kms",Petrol,Sedan,1stOwner
2013,Hyundai,I10,3.25 Lakhs,Noida,"25,133Kms",Petrol,Hatchback,1stOwner
2012,Maruti,Suzuki,2.45 Lakhs,Delhi,"47,109Kms",Petrol,Hatchback,1stOwner
2018,Mahindra,Everito,5.45 Lakhs,Gurgaon,153Kms,Electric,Sedan,1stOwner
2017,Mahindra,Everito,4.95 Lakhs,Gurgaon,485Kms,Electric,Sedan,1stOwner
2019,Maruti,Suzuki,10.75 Lakhs,Delhi,"15,000Kms",Petrol,MPV,1stOwner
2019,Maruti,Suzuki,5.25 Lakhs,Ghaziabad,"25,252Kms",CNG,+,CNGKit
2018,Hyundai,Creta,11.75 Lakhs,Delhi,"34,000Kms",Petrol,SUV,1stOwner
2018,Toyota,Fortuner,29.5 Lakhs,Delhi,"28,000Kms",Diesel,SUV,1stOwner
2017,Maruti,Suzuki,7.15 Lakhs,Delhi,"21,000Kms",Petrol,Sedan,1stOwner
2017,Hyundai,I20(2015_2017),5.75 Lakhs,Ghaziabad,"52,000Kms",Petrol,Hatchback,1stOwner
2016,Maruti,Suzuki,3.75 Lakhs,Delhi,"31,000Kms",Petrol,Hatchback,1stOwner
2015,Hyundai,Eon,2.7 Lakhs,Delhi,"76,000Kms",Petrol,Hatchback,1stOwner
2014,Maruti,Suzuki,3.25 Lakhs,Delhi,"28,000Kms",Petrol,Hatchback,1stOwner
2013,Honda,City,4.95 Lakhs,Delhi,"58,000Kms",Petrol,Sedan,1stOwner
2013,Maruti,Suzuki,3.25 Lakhs,Noida,"32,008Kms",Petrol,Hatchback,1stOwner
2012,Hyundai,Eon,2.25 Lakhs,Ghaziabad,"49,847Kms",Petrol,Hatchback,1stOwner
2011,Hyundai,I10,2.75 Lakhs,Ghaziabad,"26,516Kms",Petrol,Hatchback,1stOwner
2017,Maruti,Suzuki,7.5 Lakhs,Delhi,"68,000Kms",Diesel,Sedan,1stOwner
2016,Maruti,Suzuki,6.65 Lakhs,Delhi,"41,000Kms",Petrol,Sedan,1stOwner
2015,Maruti,Suzuki,4.85 Lakhs,Delhi,"49,714Kms",Petrol,Hatchback,1stOwner
2011,Hyundai,I10,2.9 Lakhs,Delhi,"26,516Kms",Petrol,Hatchback,1stOwner
2017,Toyota,Fortuner,26.5 Lakhs,Delhi,"60,000Kms",Diesel,SUV,1stOwner
2017,Maruti,Suzuki,4.65 Lakhs,Delhi,"32,000Kms",Petrol,Hatchback,1stOwner
2016,Maruti,Suzuki,6.5 Lakhs,Delhi,"21,000Kms",Diesel,Sedan,1stOwner
2016,Maruti,Suzuki,66.5 Lakhs,Delhi,"40,449Kms",Diesel,Sedan,1stOwner
2016,Mahindra,Scorpio,9.5 Lakhs,Delhi,"50,000Kms",Diesel,SUV,1stOwner
2015,Maruti,Suzuki,5.5 Lakhs,Delhi,"19,800Kms",Petrol,Sedan,1stOwner
2013,Toyota,Fortuner,13.75 Lakhs,Delhi,"72,000Kms",Diesel,SUV,1stOwner
2019,Jeep,Compass,18.5 Lakhs,Delhi,"15,000Kms",Diesel,SUV,1stOwner
2019,Maruti,Suzuki,10.75 Lakhs,Delhi,"24,500Kms",Diesel,MPV,1stOwner
2018,Ford,Ecosport,8.9 Lakhs,Delhi,"24,770Kms",Petrol,SUV,2ndOwner
2016,Honda,Jazz,5.85 Lakhs,Ghaziabad,"65,000Kms",Petrol,Hatchback,1stOwner
2016,Toyota,Innova,14.9 Lakhs,Delhi,"59,000Kms",Diesel,MPV,1stOwner
2016,Ford,Endeavour,24.5 Lakhs,Delhi,"55,000Kms",Diesel,SUV,1stOwner
2016,Maruti,Suzuki,6.75 Lakhs,Delhi,"26,000Kms",Diesel,Sedan,1stOwner
2014,Skoda,Rapid,5.75 Lakhs,Delhi,"68,000Kms",Petrol,Sedan,1stOwner
2012,Hyundai,I10,2.9 Lakhs,Ghaziabad,"44,000Kms",Petrol,Hatchback,1stOwner
2019,Mahindra,Scorpio,13.75 Lakhs,Faridabad,"21,700Kms",Diesel,SUV,1stOwner
2018,Honda,Amaze,6.95 Lakhs,Faridabad,"42,000Kms",Petrol,Sedan,1stOwner
2017,Maruti,Suzuki,6.65 Lakhs,Delhi,"41,000Kms",Diesel,Sedan,1stOwner
2016,Honda,Jazz,5.85 Lakhs,Delhi,"60,290Kms",Petrol,Hatchback,1stOwner
2016,Hyundai,Elite,5.55 Lakhs,Noida,"60,000Kms",Petrol,Hatchback,1stOwner
2016,Hyundai,Elite,5.55 Lakhs,Noida,"54,204Kms",Petrol,Hatchback,1stOwner
2015,Hyundai,Elite,5.35 Lakhs,Noida,"63,000Kms",Petrol,Hatchback,1stOwner
2015,Hyundai,Elite,5.35 Lakhs,Noida,"63,378Kms",Petrol,Hatchback,1stOwner
2014,Honda,Amaze,3.95 Lakhs,Delhi,"42,177Kms",Petrol,Sedan,1stOwner
2012,Maruti,Suzuki,3.5 Lakhs,Ghaziabad,"77,393Kms",Petrol,Hatchback,2ndOwner
2017,Toyota,Corolla,11.49 Lakhs,Noida,"45,000Kms",Petrol,Sedan,1stOwner
2017,Toyota,Corolla,11.49 Lakhs,Noida,"45,000Kms",Petrol,Sedan,1stOwner
2015,Hyundai,Elite,5.47 Lakhs,Noida,"64,000Kms",Petrol,Hatchback,1stOwner
2015,Hyundai,Elite,5.47 Lakhs,Noida,"64,000Kms",Petrol,Hatchback,1stOwner
2013,Maruti,Suzuki,3.25 Lakhs,Noida,"37,620Kms",Petrol,Hatchback,1stOwner
2012,Hyundai,I10,3.3 Lakhs,Noida,"70,000Kms",Petrol,Hatchback,1stOwner
2012,Hyundai,I10,3.3 Lakhs,Noida,"70,348Kms",Petrol,Hatchback,1stOwner
2017,Renault,Kwid(2015_2019),3.75 Lakhs,Delhi,"40,000Kms",Petrol,Hatchback,1stOwner
2016,Hyundai,Xcent,4.25 Lakhs,Delhi,"39,175Kms",Petrol,Sedan,1stOwner
2014,Mahindra,Xuv500,7.15 Lakhs,Gurgaon,"67,733Kms",Diesel,SUV,1stOwner
2019,Hyundai,Creta,12.85 Lakhs,Delhi,"16,000Kms",Petrol,SUV,1stOwner
2019,Maruti,Suzuki,3.5 Lakhs,Ghaziabad,"13,220Kms",Petrol,Hatchback,1stOwner
2018,Tata,Nexon,8.9 Lakhs,Delhi,"15,000Kms",Petrol,Hatchback,1stOwner
2017,Honda,Jazz,6.75 Lakhs,Delhi,"35,000Kms",Petrol,Hatchback,1stOwner
2016,Maruti,Suzuki,5.7 Lakhs,Delhi,"22,680Kms",Petrol,Hatchback,1stOwner
2016,Toyota,Camry,21 Lakhs,Delhi,"75,000Kms",Petrol,Sedan,1stOwner
2015,Hyundai,I20,5.65 Lakhs,Delhi,"69,000Kms",Diesel,Hatchback,1stOwner
2015,Mahindra,Scorpio,8.75 Lakhs,Gurgaon,"71,114Kms",Diesel,SUV,1stOwner
2015,Hyundai,Grand,4.1 Lakhs,Faridabad,"45,624Kms",Petrol,Hatchback,1stOwner
2015,Hyundai,Grand,4.1 Lakhs,Faridabad,"45,624Kms",Petrol,Hatchback,1stOwner
2020,Honda,City,14 Lakhs,Delhi,"1,800Kms",Petrol,Sedan,1stOwner
2018,Maruti,Suzuki,6.95 Lakhs,Delhi,"32,000Kms",Diesel,Sedan,1stOwner
2017,Hyundai,Elite,5.75 Lakhs,Faridabad,"44,950Kms",Diesel,Hatchback,1stOwner
2016,Skoda,Octavia,11.5 Lakhs,Delhi,"50,000Kms",Petrol,Sedan,1stOwner
2018,Ford,Ecosport,8.85 Lakhs,Delhi,"39,539Kms",Diesel,SUV,1stOwner
2015,Honda,Jazz,4.85 Lakhs,Delhi,"19,000Kms",Petrol,Hatchback,1stOwner
2018,Ford,Figo,6.75 Lakhs,Faridabad,"55,000Kms",Diesel,Sedan,1stOwner
2018,Ford,Aspire,6.75 Lakhs,Faridabad,"56,821Kms",Diesel,Sedan,1stOwner
2016,Honda,Amaze,4.5 Lakhs,Delhi,"40,000Kms",CNG,Sedan,1stOwner
2011,Honda,City,3.95 Lakhs,Delhi,"45,000Kms",Petrol,Sedan,1stOwner
2020,Maruti,Suzuki,6.1 Lakhs,Delhi,"5,214Kms",Petrol,Hatchback,1stOwner
2020,Maruti,Suzuki,5.65 Lakhs,Ghaziabad,"6,212Kms",Petrol,Hatchback,1stOwner
2020,Maruti,Suzuki,5.9 Lakhs,Ghaziabad,"8,866Kms",Petrol,Hatchback,1stOwner
2018,Honda,Jazz,6.35 Lakhs,Noida,"33,903Kms",Petrol,Hatchback,1stOwner
2018,Hyundai,Elite,6.5 Lakhs,Faridabad,"33,000Kms",Diesel,Hatchback,1stOwner
2016,Maruti,Suzuki,4.9 Lakhs,Delhi,"23,000Kms",Petrol,Hatchback,1stOwner
2017,Ford,Figo,5.1 Lakhs,Faridabad,"26,900Kms",Petrol,Hatchback,1stOwner
2017,Renault,Kwid,3.25 Lakhs,Faridabad,"14,900Kms",Petrol,Hatchback,1stOwner
2017,Renault,Kwid,2.95 Lakhs,Faridabad,"14,900Kms",Petrol,Hatchback,1stOwner
2017,Ford,Figo,5.1 Lakhs,Faridabad,"26,900Kms",Petrol,Hatchback,1stOwner
2018,Honda,Jazz,6.35 Lakhs,Noida,"33,000Kms",Petrol,Hatchback,1stOwner
2012,Honda,City,4.5 Lakhs,Delhi,"20,000Kms",Petrol,Sedan,1stOwner
2019,Hyundai,Creta,13 Lakhs,Delhi,"9,515Kms",Petrol,CompactSUV,1stOwner
2017,Mahindra,Tuv,8.5 Lakhs,Delhi,"17,000Kms",Diesel,SUV,1stOwner
2017,Volkswagen,Ameo,4.95 Lakhs,Delhi,"40,342Kms",Petrol,Sedan,1stOwner
2013,Volkswagen,Vento,3.95 Lakhs,Gurgaon,"47,497Kms",Petrol,Sedan,1stOwner
2019,Renault,Kwid,3.7 Lakhs,Gurgaon,"24,000Kms",Petrol,Hatchback,1stOwner
2018,Honda,City,8.75 Lakhs,Delhi,"38,253Kms",Petrol,Sedan,1stOwner
2016,Renault,Kwid,2.95 Lakhs,Noida,"12,000Kms",Petrol,Hatchback,1stOwner
2016,Honda,City,5.95 Lakhs,Gurgaon,"50,935Kms",Petrol,Sedan,1stOwner
2015,Maruti,Suzuki,3.99 Lakhs,Delhi,"60,720Kms",Petrol,Hatchback,1stOwner
2014,Hyundai,Verna,4.99 Lakhs,Delhi,"60,787Kms",Petrol,Sedan,1stOwner
2014,Hyundai,Xcent,3.95 Lakhs,Gurgaon,"49,143Kms",Petrol,Sedan,2ndOwner
2018,Datsun,Redi,3.25 Lakhs,Noida,"44,000Kms",Petrol,Hatchback,1stOwner
2014,Maruti,Suzuki,5.5 Lakhs,Delhi,"45,000Kms",Petrol,MUV,1stOwner
2018,Maruti,Suzuki,6.95 Lakhs,Gurgaon,"46,000Kms",Petrol,Hatchback,1stOwner
2020,Honda,City,9.65 Lakhs,Delhi,"16,471Kms",Petrol,Sedan,1stOwner
2017,Renault,Duster,8.95 Lakhs,Gurgaon,"31,000Kms",Diesel,SUV,1stOwner
2016,Hyundai,I20,6.85 Lakhs,Gurgaon,"77,000Kms",Diesel,Hatchback,2ndOwner
2012,Maruti,Suzuki,2.5 Lakhs,Gurgaon,"60,000Kms",CNG,+,CNGKit
2019,Renault,Triber,5.95 Lakhs,Noida,"19,000Kms",Petrol,MPV,1stOwner
2019,Ford,Ecosport,11.25 Lakhs,Noida,"12,710Kms",Petrol,SUV,1stOwner
2018,Tata,Tiago,4.65 Lakhs,Noida,"46,000Kms",Petrol,Hatchback,1stOwner
2015,Hyundai,Xcent,4.15 Lakhs,Noida,"61,000Kms",Petrol,Sedan,1stOwner
2017,Hyundai,Grand,5.75 Lakhs,Delhi,"38,800Kms",Petrol,Hatchback,1stOwner
2013,Hyundai,Eon,2.45 Lakhs,Delhi,"20,000Kms",Petrol,Hatchback,2ndOwner
2013,Hyundai,Eon,2.45 Lakhs,Ghaziabad,"20,000Kms",Petrol,Hatchback,1stOwner
2018,Datsun,Redi,3.25 Lakhs,Noida,"44,000Kms",Petrol,Hatchback,1stOwner
2016,Datsun,Redi,2.5 Lakhs,Delhi,"34,310Kms",Petrol,Hatchback,1stOwner
2016,Hyundai,Grand,4.75 Lakhs,Noida,"40,079Kms",Petrol,Hatchback,1stOwner
2015,Volkswagen,Vento,6.45 Lakhs,Noida,"25,000Kms",Petrol,Sedan,1stOwner
2014,Renault,Duster,4.45 Lakhs,Delhi,"57,000Kms",Petrol,SUV,1stOwner
2011,Toyota,Corolla,4.25 Lakhs,Faridabad,"70,000Kms",Petrol,Sedan,2ndOwner
2019,Maruti,Suzuki,8 Lakhs,Ghaziabad,"20,000Kms",Petrol,Hatchback,1stOwner
2015,Maruti,Suzuki,3.05 Lakhs,Faridabad,"70,580Kms",Petrol,Hatchback,1stOwner
2013,Hyundai,I10,2.65 Lakhs,Faridabad,"71,905Kms",Petrol,Hatchback,1stOwner
2013,Hyundai,I10,2.65 Lakhs,Faridabad,"71,906Kms",Petrol,Hatchback,1stOwner
2018,Tata,Tiago,5.3 Lakhs,Delhi,34Kms,Diesel,Hatchback,1stOwner
2017,Tata,Tiago,5.3 Lakhs,Delhi,25Kms,Petrol,Hatchback,1stOwner
2016,Toyota,Corolla,9.85 Lakhs,Delhi,"65,000Kms",Petrol,Sedan,1stOwner
2015,Maruti,Suzuki,3.05 Lakhs,Faridabad,"70,580Kms",Petrol,Hatchback,1stOwner
2018,Maruti,Suzuki,6.6 Lakhs,Gurgaon,"54,000Kms",Diesel,Hatchback,1stOwner
2017,Maruti,Suzuki,3.9 Lakhs,Ghaziabad,"48,000Kms",CNG,+,CNGKit
2016,Maruti,Suzuki,4.55 Lakhs,Faridabad,"27,010Kms",Petrol,Hatchback,1stOwner
2016,Maruti,Suzuki,4.55 Lakhs,Faridabad,"27,024Kms",Petrol,Hatchback,1stOwner
2016,Maruti,Suzuki,3 Lakhs,Delhi,"90,000Kms",Petrol,Hatchback,1stOwner
2015,Maruti,Suzuki,3.5 Lakhs,Gurgaon,"22,000Kms",Petrol,Hatchback,1stOwner
2014,Hyundai,I10,3.15 Lakhs,Faridabad,"31,628Kms",Petrol,Hatchback,1stOwner
2014,Hyundai,I10,3.15 Lakhs,Faridabad,"31,613Kms",Petrol,Hatchback,1stOwner
2014,Maruti,Suzuki,2.55 Lakhs,Gurgaon,"19,440Kms",Petrol,Hatchback,1stOwner
2014,Hyundai,Grand,3.85 Lakhs,Gurgaon,"52,400Kms",Petrol,Hatchback,1stOwner
2013,Hyundai,Santro,2.1 Lakhs,Delhi,"80,000Kms",Petrol,Hatchback,1stOwner
2013,Hyundai,I10,2.85 Lakhs,Faridabad,"78,562Kms",Petrol,Hatchback,1stOwner
2013,Hyundai,I10,2.85 Lakhs,Faridabad,"78,562Kms",Petrol,Hatchback,1stOwner
2013,Hyundai,I10,3.4 Lakhs,Gurgaon,"52,000Kms",Petrol,+,CNGKit
2011,Volkswagen,Jetta,4 Lakhs,Delhi,1.01Lakhs,Kms,Diesel,Sedan1st
2016,Datsun,Redi,2.25 Lakhs,Gurgaon,"59,150Kms",Petrol,Hatchback,1stOwner
2020,Jeep,Compass,20.9 Lakhs,Gurgaon,"14,000Kms",Petrol,SUV,1stOwner
2018,Tata,Nexon,9.45 Lakhs,Delhi,"20,235Kms",Petrol,Hatchback,1stOwner
2018,Toyota,Innova,16.75 Lakhs,Delhi,"41,043Kms",Petrol,MPV,1stOwner
2018,Maruti,Suzuki,8.6 Lakhs,Delhi,"55,164Kms",Diesel,SUV,1stOwner
2017,Maruti,Suzuki,6.65 Lakhs,Noida,"70,000Kms",Petrol,Sedan,2ndOwner
2014,Hyundai,Grand,3.5 Lakhs,Delhi,"61,176Kms",Petrol,Hatchback,2ndOwner
2012,Honda,Brio,3.25 Lakhs,Noida,"48,000Kms",Petrol,Hatchback,1stOwner
2019,Ford,Ecosport,9.9 Lakhs,Gurgaon,"8,213Kms",Diesel,SUV,1stOwner
2016,Hyundai,Grand,5.75 Lakhs,Ghaziabad,"32,000Kms",Petrol,+,CNGKit
2018,Maruti,Suzuki,6.95 Lakhs,Gurgaon,"38,000Kms",Petrol,Hatchback,1stOwner
2017,Maruti,Suzuki,3.9 Lakhs,Gurgaon,"12,000Kms",Petrol,Hatchback,1stOwner
2014,Hyundai,I10,3.25 Lakhs,Gurgaon,"32,000Kms",Petrol,Hatchback,1stOwner
2014,Maruti,Suzuki,3.4 Lakhs,Gurgaon,"28,000Kms",Petrol,Hatchback,1stOwner
2013,Hyundai,Eon,2.45 Lakhs,Gurgaon,"34,000Kms",Petrol,Hatchback,1stOwner
2016,Hyundai,Eon,2.65 Lakhs,Gurgaon,"49,810Kms",Petrol,Hatchback,1stOwner
2019,Kia,Seltos,8.25 Lakhs,Faridabad,"68,100Kms",Petrol,SUV,1stOwner
2018,Maruti,Suzuki,5.7 Lakhs,Delhi,"72,616Kms",Petrol,Sedan,1stOwner
2016,Hyundai,I10,3.75 Lakhs,Ghaziabad,"24,970Kms",Petrol,Hatchback,1stOwner
2015,Honda,City,7.75 Lakhs,Ghaziabad,"52,000Kms",Petrol,Sedan,1stOwner
2015,Honda,Amaze,5 Lakhs,Ghaziabad,"36,071Kms",Petrol,Sedan,1stOwner
2018,Maruti,Suzuki,7.25 Lakhs,Delhi,1.04Lakhs,Kms,Diesel,Hatchback1st
2017,Maruti,Suzuki,6.65 Lakhs,Noida,"70,000Kms",Petrol,Sedan,2ndOwner
2020,Honda,Amaze,7 Lakhs,Gurgaon,"6,000Kms",Petrol,Sedan,1stOwner
2018,Hyundai,Creta,12.49 Lakhs,Noida,"40,000Kms",Petrol,SUV,1stOwner
2018,Hyundai,Creta,12.49 Lakhs,Noida,"40,000Kms",Petrol,SUV,1stOwner
2012,Honda,Brio,3.25 Lakhs,Noida,"48,000Kms",Petrol,Hatchback,1stOwner
2020,Mahindra,Xuv300,11.25 Lakhs,Faridabad,"12,561Kms",Diesel,SUV,1stOwner
2014,Maruti,Suzuki,4.9 Lakhs,Gurgaon,"55,400Kms",Diesel,Hatchback,1stOwner
2008,Maruti,Suzuki,"85,000",Faridabad,"90,000Kms",Petrol,Hatchback,2ndOwner
2010,Hyundai,Santro,1.5 Lakhs,Gurgaon,"88,000Kms",Petrol,Hatchback,1stOwner
2009,Maruti,Suzuki,1.1 Lakhs,Delhi,"88,000Kms",Petrol,Hatchback,1stOwner
2018,Maruti,Suzuki,3.5 Lakhs,Delhi,"62,000Kms",Petrol,Hatchback,1stOwner
2013,Mahindra,Verito,3.35 Lakhs,Faridabad,"95,000Kms",Diesel,Sedan,1stOwner
2013,Hyundai,I20,,Noida,1.11Lakhs,Kms,Petrol,Hatchback1st
2016,Mahindra,Scorpio,9.85 Lakhs,Faridabad,"77,000Kms",Diesel,SUV,1stOwner
2016,Hyundai,Creta,8.25 Lakhs,Delhi,"52,000Kms",Petrol,CompactSUV,1stOwner
2017,Maruti,Suzuki,7.95 Lakhs,Noida,"35,000Kms",Petrol,Sedan,1stOwner
2016,Mahindra,Xuv,11.85 Lakhs,Noida,"35,000Kms",Diesel,SUV,1stOwner
2015,Honda,City,6.5 Lakhs,Delhi,"73,097Kms",Petrol,Sedan,1stOwner
2015,Honda,City,6.95 Lakhs,Delhi,"84,038Kms",Petrol,Sedan,1stOwner
2018,Maruti,Suzuki,7 Lakhs,Ghaziabad,"65,000Kms",Diesel,Hatchback,1stOwner
2010,Hyundai,Santro,1.35 Lakhs,Ghaziabad,"65,000Kms",Petrol,Hatchback,1stOwner
2019,Renault,Kwid,3.9 Lakhs,Noida,"27,000Kms",Petrol,Hatchback,1stOwner
2019,Renault,Kwid,4 Lakhs,Noida,"27,000Kms",Petrol,Hatchback,1stOwner
2016,Tata,Tiago,4.85 Lakhs,Noida,"1,673Kms",Petrol,Hatchback,1stOwner
2017,Maruti,Suzuki,7.95 Lakhs,Noida,"39,000Kms",Petrol,Sedan,1stOwner
2016,Mahindra,Xuv,11.85 Lakhs,Noida,"36,000Kms",Diesel,SUV,1stOwner
2015,Maruti,Suzuki,5.95 Lakhs,Noida,"73,000Kms",Petrol,+,CNGKit
2014,Hyundai,I10,3.45 Lakhs,Noida,"49,198Kms",Petrol,Hatchback,1stOwner
2013,Hyundai,Eon,2.65 Lakhs,Noida,"40,000Kms",Petrol,Hatchback,1stOwner
2012,Honda,City,4.45 Lakhs,Gurgaon,"70,000Kms",Petrol,Sedan,2ndOwner
2018,Mahindra,Scorpio,14.75 Lakhs,Faridabad,"25,500Kms",Diesel,SUV,1stOwner
2018,Honda,City,8.75 Lakhs,Delhi,"50,937Kms",Petrol,Sedan,1stOwner
2012,Hyundai,Sonata,5.25 Lakhs,Delhi,"52,023Kms",Petrol,Sedan,2ndOwner
2020,Honda,City,14 Lakhs,Delhi,"1,942Kms",Petrol,Sedan,1stOwner
2015,Hyundai,I10,3.2 Lakhs,Delhi,"71,822Kms",Petrol,Hatchback,1stOwner
2014,Honda,City,6.75 Lakhs,Delhi,"74,568Kms",Petrol,Sedan,1stOwner
2017,Maruti,Suzuki,6.15 Lakhs,Gurgaon,"14,118Kms",Petrol,Sedan,1stOwner
2016,Hyundai,Grand,6 Lakhs,Delhi,"32,031Kms",Petrol,+,CNGKit
2018,Jeep,Compass,18 Lakhs,Delhi,"29,948Kms",Petrol,SUV,1stOwner
2018,Datsun,Redi,3.75 Lakhs,Noida,"14,000Kms",Petrol,Hatchback,1stOwner
2017,Volkswagen,Polo,6.31 Lakhs,Noida,"22,000Kms",Petrol,Hatchback,1stOwner
2017,Volkswagen,Polo,6.31 Lakhs,Noida,"22,788Kms",Petrol,Hatchback,1stOwner
2016,Mahindra,Xuv500(2015_2017),10.95 Lakhs,Noida,"38,000Kms",Diesel,SUV,1stOwner
2016,Mahindra,Xuv,10.95 Lakhs,Noida,"39,749Kms",Diesel,SUV,1stOwner
2016,Honda,Amaze,4.9 Lakhs,Delhi,"32,960Kms",Petrol,Sedan,1stOwner
2015,Maruti,Suzuki,4.75 Lakhs,Noida,"43,000Kms",Petrol,Sedan,1stOwner
2018,Maruti,Suzuki,6.8 Lakhs,Faridabad,"65,545Kms",Diesel,Hatchback,1stOwner
2017,Honda,Brio,4.3 Lakhs,Faridabad,"38,000Kms",Petrol,Hatchback,1stOwner
2016,Maruti,Suzuki,4.15 Lakhs,Faridabad,"32,966Kms",Petrol,Saloon,1stOwner
2011,Maruti,Suzuki,1.95 Lakhs,Faridabad,"56,080Kms",Petrol,Hatchback,1stOwner
2017,Honda,Wr,5.85 Lakhs,Delhi,"26,000Kms",Petrol,SUV,1stOwner
2017,Ford,Aspire,5.5 Lakhs,Faridabad,"42,131Kms",Petrol,Sedan,1stOwner
2017,Hyundai,Verna,9 Lakhs,Gurgaon,"55,000Kms",Diesel,Sedan,1stOwner
2015,Maruti,Suzuki,4.75 Lakhs,Noida,"43,549Kms",Petrol,Sedan,1stOwner
2013,Hyundai,I20,3.25 Lakhs,Gurgaon,"8,000Kms",Petrol,Hatchback,1stOwner
2012,Honda,Brio,5.85 Lakhs,Delhi,"34,055Kms",Petrol,Hatchback,1stOwner
2011,Maruti,Suzuki,1.95 Lakhs,Faridabad,"56,080Kms",Petrol,Hatchback,1stOwner
2010,Hyundai,Santro,1.5 Lakhs,Delhi,"95,000Kms",Petrol,Hatchback,1stOwner
2019,Maruti,Suzuki,6.9 Lakhs,Noida,"6,361Kms",Petrol,Hatchback,1stOwner
2017,Ford,Figo,5.5 Lakhs,Faridabad,"42,131Kms",Petrol,Sedan,1stOwner
2017,Tata,Tiago,3.65 Lakhs,Faridabad,"58,188Kms",Petrol,Hatchback,1stOwner
2016,Mahindra,Kuv100,5.45 Lakhs,Faridabad,"19,126Kms",Petrol,Hatchback,1stOwner
2016,Maruti,Suzuki,4.15 Lakhs,Faridabad,"32,411Kms",Petrol,Hatchback,1stOwner
2016,Maruti,Suzuki,4.15 Lakhs,Faridabad,"32,411Kms",Petrol,Saloon,1stOwner
2013,Nissan,Sunny,3.75 Lakhs,Faridabad,"65,846Kms",Diesel,Sedan,1stOwner
2013,Nissan,Sunny,3.75 Lakhs,Faridabad,"68,546Kms",Petrol,Sedan,1stOwner
2012,Toyota,Etios,2.75 Lakhs,Gurgaon,"18,000Kms",Diesel,Hatchback,1stOwner
2019,Hyundai,Elite,6.3 Lakhs,Faridabad,"16,800Kms",Petrol,Hatchback,1stOwner
2017,Maruti,Suzuki,7.75 Lakhs,Delhi,"29,290Kms",Diesel,Sedan,1stOwner
2015,Hyundai,I20,5.25 Lakhs,Delhi,"58,723Kms",Petrol,Hatchback,1stOwner
2016,Maruti,Suzuki,7.75 Lakhs,Delhi,657Kms,Petrol,Hatchback,1stOwner
2015,Ford,Figo,4.55 Lakhs,Noida,"37,000Kms",Diesel,Sedan,1stOwner
2014,Honda,Amaze,4.21 Lakhs,Noida,"85,000Kms",Petrol,Sedan,1stOwner
2019,Maruti,Suzuki,5.3 Lakhs,Faridabad,"28,000Kms",Petrol,Hatchback,1stOwner
2014,Honda,Amaze,4.21 Lakhs,Noida,"85,161Kms",Petrol,Sedan,1stOwner
2016,Mahindra,Kuv100,4.75 Lakhs,Faridabad,"19,120Kms",Petrol,Hatchback,1stOwner
2016,Maruti,Suzuki,2.95 Lakhs,Faridabad,"52,412Kms",CNG,+,CNGKit
2017,Maruti,Suzuki,4.95 Lakhs,Gurgaon,"48,348Kms",Petrol,Hatchback,1stOwner
2016,Honda,City,8.45 Lakhs,Noida,"30,000Kms",Petrol,Sedan,2ndOwner
2016,Maruti,Suzuki,7.25 Lakhs,Delhi,"67,408Kms",Diesel,MPV,1stOwner
2014,Honda,Amaze,4.55 Lakhs,Noida,"42,000Kms",Petrol,Sedan,1stOwner
2019,Jeep,Compass,15.95 Lakhs,Faridabad,"38,844Kms",Petrol,SUV,1stOwner
2015,Maruti,Suzuki,5.25 Lakhs,Gurgaon,"87,150Kms",Diesel,Sedan,1stOwner
2017,Maruti,Suzuki,7.5 Lakhs,Ghaziabad,"10,423Kms",Petrol,MUV,1stOwner
2013,Hyundai,I10,2.55 Lakhs,Gurgaon,"36,272Kms",Petrol,Hatchback,2ndOwner
2017,Tata,Tiago,3.9 Lakhs,Faridabad,"58,188Kms",Petrol,Hatchback,1stOwner
2018,Tata,Nexon,7.5 Lakhs,Noida,"21,000Kms",Petrol,Hatchback,1stOwner
2013,Maruti,Suzuki,4.55 Lakhs,Noida,"32,000Kms",Petrol,Hatchback,1stOwner
2017,Maruti,Suzuki,6.45 Lakhs,Delhi,"47,107Kms",Diesel,Sedan,1stOwner
2015,Maruti,Suzuki,2.65 Lakhs,Ghaziabad,"48,523Kms",Petrol,Hatchback,1stOwner
2017,Renault,Kwid,3.85 Lakhs,Noida,"18,000Kms",Petrol,Hatchback,1stOwner
2012,Volkswagen,Polo,3.6 Lakhs,Noida,"53,000Kms",Petrol,Hatchback,1stOwner
2011,Ford,Figo,2.68 Lakhs,Noida,"76,000Kms",Petrol,Hatchback,1stOwner
2018,Maruti,Suzuki,5.99 Lakhs,Ghaziabad,"47,107Kms",Petrol,Hatchback,1stOwner
2018,Tata,Hexa,11.9 Lakhs,Noida,"20,000Kms",Diesel,SUV,1stOwner
2016,Mahindra,Xuv500(2015_2017),9.4 Lakhs,Noida,"55,000Kms",Diesel,SUV,1stOwner
2013,Maruti,Suzuki,3.7 Lakhs,Gurgaon,"73,015Kms",Petrol,Hatchback,1stOwner
2013,Maruti,Suzuki,3.7 Lakhs,Gurgaon,"73,158Kms",Petrol,Hatchback,1stOwner
2012,Maruti,Suzuki,2.8 Lakhs,Gurgaon,"75,415Kms",Diesel,Sedan,1stOwner
2011,Ford,Figo,2.68 Lakhs,Noida,"76,512Kms",Petrol,Hatchback,1stOwner
2019,Maruti,Suzuki,3.75 Lakhs,Faridabad,"25,569Kms",Petrol,Hatchback,1stOwner
2017,Renault,Kwid,3.2 Lakhs,Faridabad,"28,737Kms",Petrol,Hatchback,1stOwner
2017,Renault,Kwid,2.95 Lakhs,Faridabad,"28,737Kms",Petrol,Hatchback,1stOwner
2016,Hyundai,Grand,4.5 Lakhs,Delhi,"41,263Kms",Petrol,Hatchback,1stOwner
2016,Honda,City,7.5 Lakhs,Delhi,"36,680Kms",Petrol,Sedan,1stOwner
2016,Renault,Kwid,2.65 Lakhs,Delhi,"46,114Kms",Petrol,Hatchback,2ndOwner
2016,Honda,City,7.5 Lakhs,Delhi,"30,000Kms",Petrol,Sedan,1stOwner
2016,Honda,City,6.95 Lakhs,Delhi,"45,808Kms",Petrol,Sedan,1stOwner
2016,Hyundai,I20,6.25 Lakhs,Ghaziabad,"28,000Kms",Petrol,Hatchback,1stOwner
2016,Hyundai,I20,6.5 Lakhs,Ghaziabad,"43,000Kms",Petrol,Hatchback,1stOwner
2015,Hyundai,Creta,7.95 Lakhs,Delhi,"83,103Kms",Petrol,CompactSUV,1stOwner
2013,Ford,Fiesta,3.5 Lakhs,Ghaziabad,"73,000Kms",Diesel,Sedan,1stOwner
2012,Hyundai,I10,3 Lakhs,Ghaziabad,"44,000Kms",Petrol,Hatchback,1stOwner
2012,Hyundai,I20,3.5 Lakhs,Ghaziabad,"66,000Kms",Diesel,Hatchback,2ndOwner
2018,Tata,Nexon,6.95 Lakhs,Noida,"30,000Kms",Petrol,Hatchback,1stOwner
2011,Hyundai,I20,3.5 Lakhs,Delhi,"44,213Kms",Petrol,Hatchback,1stOwner
2011,Hyundai,I20,3.5 Lakhs,Ghaziabad,"44,000Kms",Petrol,Hatchback,1stOwner
2014,Skoda,Rapid,4.95 Lakhs,Noida,"59,322Kms",Petrol,Sedan,1stOwner
2012,Honda,Brio,3.25 Lakhs,Noida,"34,000Kms",Petrol,Hatchback,1stOwner
2011,Hyundai,I10,2.75 Lakhs,Noida,"39,000Kms",Petrol,Hatchback,1stOwner
2015,Nissan,Sunny,4.85 Lakhs,Gurgaon,"44,810Kms",Petrol,Sedan,1stOwner
2013,Hyundai,I10,2.55 Lakhs,Gurgaon,"56,620Kms",Petrol,Hatchback,1stOwner
2012,Maruti,Suzuki,2.75 Lakhs,Gurgaon,"35,828Kms",Petrol,Hatchback,1stOwner
2019,Maruti,Suzuki,8.65 Lakhs,Noida,"30,000Kms",Diesel,Hatchback,1stOwner
2019,Maruti,Suzuki,8.65 Lakhs,Noida,"31,753Kms",Diesel,Hatchback,1stOwner
2018,Hyundai,Grand,4.85 Lakhs,Ghaziabad,"53,826Kms",Petrol,Hatchback,1stOwner
2017,Maruti,Suzuki,7.5 Lakhs,Gurgaon,156Kms,Petrol,Sedan,1stOwner
2017,Maruti,Suzuki,7.5 Lakhs,Gurgaon,239Kms,Petrol,Sedan,1stOwner
2019,Tata,Nexon,8.95 Lakhs,Noida,"6,068Kms",Petrol,Hatchback,1stOwner
2014,Toyota,Etios,3.75 Lakhs,Noida,"73,000Kms",Petrol,Hatchback,2ndOwner
2012,Hyundai,I20,3.5 Lakhs,Delhi,"65,233Kms",Diesel,Hatchback,2ndOwner
2018,Hyundai,Grand,5.25 Lakhs,Noida,"7,700Kms",Petrol,Hatchback,1stOwner
2019,Renault,Kwid,4.8 Lakhs,Noida,"11,836Kms",Petrol,Hatchback,1stOwner
2016,Toyota,Fortuner,18.5 Lakhs,Delhi,"89,516Kms",Diesel,SUV,1stOwner
2014,Toyota,Etios,3.75 Lakhs,Noida,"74,161Kms",Petrol,Hatchback,2ndOwner
2019,Renault,Kwid,4.8 Lakhs,Noida,"11,000Kms",Petrol,Hatchback,1stOwner
2018,Maruti,Suzuki,7.5 Lakhs,Delhi,"20,022Kms",Petrol,Sedan,1stOwner
2014,Hyundai,Eon,2.18 Lakhs,Faridabad,"46,992Kms",Petrol,Hatchback,1stOwner
2014,Honda,Amaze,4.65 Lakhs,Noida,"58,000Kms",Petrol,Sedan,1stOwner
2018,Maruti,Suzuki,6.75 Lakhs,Faridabad,"12,582Kms",Petrol,Hatchback,1stOwner
2019,Maruti,Suzuki,3.75 Lakhs,Faridabad,"25,569Kms",Petrol,Hatchback,1stOwner
2018,Maruti,Suzuki,6.45 Lakhs,Faridabad,"12,582Kms",Petrol,Hatchback,1stOwner
2012,Hyundai,I10,2.45 Lakhs,Gurgaon,"76,000Kms",Petrol,Hatchback,2ndOwner
2018,Hyundai,Creta,9.5 Lakhs,Delhi,"57,220Kms",Petrol,SUV,1stOwner
2015,Honda,Amaze,3.8 Lakhs,Faridabad,"64,276Kms",Petrol,Sedan,1stOwner
2013,Hyundai,I20,3.55 Lakhs,Gurgaon,"94,121Kms",Diesel,Hatchback,1stOwner
2019,Maruti,Suzuki,7.9 Lakhs,Gurgaon,230Kms,Petrol,Hatchback,1stOwner
2018,Mahindra,Scorpio,11.9 Lakhs,Delhi,"71,069Kms",Diesel,SUV,1stOwner
2018,Maruti,Suzuki,7.95 Lakhs,Delhi,"35,328Kms",Petrol,Sedan,1stOwner
2018,Ford,Figo,6.45 Lakhs,Faridabad,"35,261Kms",Diesel,Hatchback,1stOwner
2014,Hyundai,Eon,2.45 Lakhs,Delhi,"54,482Kms",Petrol,Hatchback,1stOwner
2013,Ford,Fiesta,3.5 Lakhs,Delhi,"74,331Kms",Diesel,Sedan,1stOwner
2012,Hyundai,I10,3.25 Lakhs,Delhi,"44,127Kms",Petrol,Hatchback,1stOwner
2016,Hyundai,Xcent,4.95 Lakhs,Noida,"38,000Kms",Petrol,Sedan,1stOwner
2015,Skoda,Rapid,6.5 Lakhs,Noida,"33,000Kms",Petrol,Sedan,1stOwner
2013,Hyundai,I10,3.25 Lakhs,Noida,"29,000Kms",Petrol,Hatchback,2ndOwner
2017,Maruti,Suzuki,4.85 Lakhs,Noida,"43,902Kms",Petrol,Hatchback,1stOwner
2017,Renault,Kwid,3.95 Lakhs,Faridabad,"31,640Kms",Petrol,Hatchback,1stOwner
2017,Renault,Kwid,4.45 Lakhs,Faridabad,"31,640Kms",Petrol,Hatchback,1stOwner
2016,Maruti,Suzuki,6.95 Lakhs,Faridabad,"72,594Kms",Diesel,Sedan,1stOwner
2016,Maruti,Suzuki,6.75 Lakhs,Faridabad,"72,435Kms",Diesel,Sedan,1stOwner
2016,Maruti,Suzuki,4.45 Lakhs,Faridabad,"59,374Kms",Petrol,Hatchback,1stOwner
2016,Maruti,Suzuki,4.25 Lakhs,Faridabad,"59,374Kms",Petrol,Hatchback,1stOwner
2015,Maruti,Suzuki,2.5 Lakhs,Faridabad,"87,977Kms",Petrol,+,CNGKit
2013,Hyundai,Eon,2.65 Lakhs,Noida,"41,707Kms",Petrol,Hatchback,1stOwner
2018,Maruti,Suzuki,8.4 Lakhs,Delhi,"19,014Kms",Diesel,Hatchback,1stOwner
2013,Hyundai,Verna,4.5 Lakhs,Ghaziabad,"69,240Kms",Diesel,Sedan,2ndOwner
2013,Maruti,Suzuki,2.38 Lakhs,Gurgaon,"60,690Kms",Petrol,Hatchback,1stOwner
2013,Hyundai,Eon,2.7 Lakhs,Noida,"57,000Kms",Petrol,Hatchback,1stOwner
2016,Mahindra,E2o,3.95 Lakhs,Delhi,"29,852Kms",Electric,Hatchback,1stOwner
2018,Maruti,Suzuki,3.2 Lakhs,Ghaziabad,"28,394Kms",Petrol,Hatchback,1stOwner
2013,Hyundai,Eon,2.65 Lakhs,Noida,"41,000Kms",Petrol,Hatchback,1stOwner
2012,Chevrolet,Beat,1.35 Lakhs,Gurgaon,"87,514Kms",Diesel,Hatchback,2ndOwner
2015,Hyundai,Eon,2.95 Lakhs,Noida,"66,602Kms",Petrol,Hatchback,1stOwner
2019,Ford,Ecosport,9.75 Lakhs,Delhi,"7,610Kms",Diesel,SUV,1stOwner
2018,Ford,Figo,6.45 Lakhs,Faridabad,"36,157Kms",Diesel,Hatchback,1stOwner
2016,Hyundai,Grand,4.45 Lakhs,Delhi,"71,824Kms",Petrol,Hatchback,1stOwner
2015,Hyundai,I20,6.25 Lakhs,Delhi,"51,645Kms",Petrol,Hatchback,1stOwner
2017,Maruti,Suzuki,6.25 Lakhs,Gurgaon,"14,138Kms",Petrol,Sedan,1stOwner
2015,Audi,Q3,23.5 Lakhs,Delhi,"12,861Kms",Diesel,SUV,1stOwner
2017,Mahindra,Kuv100,4.45 Lakhs,Delhi,"43,550Kms",Diesel,Hatchback,1stOwner
2019,Hyundai,Grand,5.75 Lakhs,Delhi,"15,746Kms",Petrol,Hatchback,1stOwner
2012,Hyundai,I10,2.99 Lakhs,Ghaziabad,"48,526Kms",CNG,+,CNGKit
2012,Maruti,Suzuki,3.65 Lakhs,Ghaziabad,"20,734Kms",Petrol,Sedan,1stOwner
2018,Maruti,Suzuki,6.19 Lakhs,Ghaziabad,"32,880Kms",Petrol,Sedan,1stOwner
2015,Maruti,Suzuki,5.95 Lakhs,Delhi,"48,125Kms",Petrol,Sedan,1stOwner
2015,Honda,City,6.5 Lakhs,Ghaziabad,"41,300Kms",Petrol,Sedan,1stOwner
2016,Maruti,Suzuki,4.5 Lakhs,Gurgaon,"26,024Kms",Petrol,Hatchback,1stOwner
2017,Mahindra,Kuv100,4.85 Lakhs,Noida,"5,600Kms",Petrol,Hatchback,1stOwner
2012,Toyota,Corolla,3.95 Lakhs,Gurgaon,"89,289Kms",Diesel,Sedan,1stOwner
2016,Honda,Jazz,5.75 Lakhs,Ghaziabad,"11,220Kms",Petrol,Hatchback,2ndOwner
2016,Maruti,Suzuki,3.25 Lakhs,Faridabad,"37,379Kms",Petrol,Hatchback,1stOwner
2016,Maruti,Suzuki,3.35 Lakhs,Faridabad,"37,379Kms",Petrol,Hatchback,1stOwner
2015,Maruti,Suzuki,4.26 Lakhs,Gurgaon,"85,000Kms",Diesel,Hatchback,1stOwner
2012,Maruti,Suzuki,2.5 Lakhs,Gurgaon,"77,822Kms",Petrol,+,CNGKit
2018,Maruti,Suzuki,6.25 Lakhs,Gurgaon,"45,156Kms",Petrol,Sedan,1stOwner
2018,Hyundai,Elite,7 Lakhs,Delhi,"48,270Kms",Petrol,Hatchback,1stOwner
2015,Chevrolet,Beat,2.45 Lakhs,Faridabad,"37,972Kms",Petrol,Hatchback,1stOwner
2015,Chevrolet,Beat,2.75 Lakhs,Faridabad,"37,012Kms",Petrol,Hatchback,1stOwner
2015,Skoda,Rapid,5.1 Lakhs,Gurgaon,"49,914Kms",Petrol,Sedan,2ndOwner
2013,Ford,Figo,2.35 Lakhs,Gurgaon,"77,493Kms",Diesel,Hatchback,1stOwner
2013,Hyundai,I20,3.35 Lakhs,Gurgaon,"77,391Kms",Diesel,Hatchback,2ndOwner
2011,Hyundai,I10,2.15 Lakhs,Gurgaon,"63,507Kms",Petrol,Hatchback,1stOwner
2017,Maruti,Suzuki,6.85 Lakhs,Noida,"33,000Kms",Petrol,Sedan,1stOwner
2014,Chevrolet,Sail,2 Lakhs,Faridabad,"50,502Kms",Diesel,Sedan,2ndOwner
2019,Kia,Seltos,17.35 Lakhs,Delhi,"9,400Kms",Petrol,SUV,1stOwner
2017,Honda,Jazz,5.85 Lakhs,Delhi,"76,180Kms",Petrol,Hatchback,2ndOwner
2017,Maruti,Suzuki,6.85 Lakhs,Noida,"33,339Kms",Petrol,Sedan,1stOwner
2015,Mahindra,Scorpio,8.25 Lakhs,Gurgaon,"95,000Kms",Diesel,SUV,1stOwner
2013,Maruti,Suzuki,3.5 Lakhs,Delhi,"69,817Kms",Petrol,Hatchback,1stOwner
2018,Honda,Jazz,5.95 Lakhs,Faridabad,"27,567Kms",Diesel,Hatchback,2ndOwner
2017,Maruti,Suzuki,6.5 Lakhs,Faridabad,"42,157Kms",Diesel,Sedan,1stOwner
2016,Maruti,Suzuki,2.85 Lakhs,Faridabad,"53,228Kms",CNG,+,CNGKit
2011,Skoda,Fabia,2.55 Lakhs,Faridabad,"71,395Kms",Petrol,Hatchback,1stOwner
2019,Datsun,Redi,3.35 Lakhs,Faridabad,"7,599Kms",Petrol,Hatchback,1stOwner
2013,Honda,Amaze,3.3 Lakhs,Delhi,"68,957Kms",Diesel,Sedan,1stOwner
2018,Maruti,Suzuki,4.65 Lakhs,Ghaziabad,"41,253Kms",CNG,+,CNGKit
2016,Hyundai,Grand,4.15 Lakhs,Faridabad,"46,230Kms",Petrol,Hatchback,1stOwner
2011,Skoda,Fabia,2.55 Lakhs,Faridabad,"71,397Kms",Petrol,Hatchback,1stOwner
2019,Datsun,Redi,3.05 Lakhs,Faridabad,"7,595Kms",Petrol,Hatchback,1stOwner
2016,Maruti,Suzuki,3.25 Lakhs,Faridabad,"59,606Kms",Petrol,+,CNGKit
2012,Hyundai,I10,2 Lakhs,Faridabad,"78,248Kms",Petrol,+,CNGKit
2017,Renault,Kwid,2.98 Lakhs,Gurgaon,"49,464Kms",Petrol,Hatchback,1stOwner
2012,Honda,City,4.45 Lakhs,Noida,"68,504Kms",Petrol,Sedan,1stOwner
2012,Honda,City,4.45 Lakhs,Noida,"68,000Kms",Petrol,Sedan,1stOwner
2017,Mahindra,Tuv,8.65 Lakhs,Noida,"18,220Kms",Diesel,SUV,1stOwner
2017,Maruti,Suzuki,5.77 Lakhs,Noida,"48,000Kms",Diesel,Hatchback,1stOwner
2012,Toyota,Corolla,4.5 Lakhs,Delhi,"83,234Kms",Petrol,Sedan,1stOwner
2017,Maruti,Suzuki,5.77 Lakhs,Noida,"48,383Kms",Diesel,Hatchback,1stOwner
2018,Hyundai,Creta,12.5 Lakhs,Delhi,"40,000Kms",Petrol,SUV,1stOwner
2018,Maruti,Suzuki,3.5 Lakhs,Ghaziabad,"31,412Kms",CNG,+,CNGKit
2015,Honda,Jazz,4.95 Lakhs,Noida,"67,000Kms",Petrol,Hatchback,1stOwner
2012,Hyundai,I20,3.5 Lakhs,Ghaziabad,"58,746Kms",Petrol,Hatchback,1stOwner
2019,Ford,Ecosport,10.5 Lakhs,Delhi,"41,633Kms",Petrol,SUV,1stOwner
2018,Hyundai,Verna,12.5 Lakhs,Delhi,"14,741Kms",Diesel,Sedan,1stOwner
2017,Mahindra,Xuv,12.75 Lakhs,Ghaziabad,"54,448Kms",Diesel,SUV,1stOwner
2016,Mahindra,Xuv500,10.5 Lakhs,Delhi,"65,348Kms",Diesel,SUV,1stOwner
2018,Datsun,Redi,3.3 Lakhs,Noida,"5,504Kms",Petrol,Hatchback,1stOwner
2014,Maruti,Suzuki,4.15 Lakhs,Noida,"33,654Kms",Petrol,Hatchback,1stOwner
2017,Ford,Figo,6.25 Lakhs,Faridabad,"22,594Kms",Petrol,Sedan,1stOwner
2017,Ford,Figo,6.75 Lakhs,Faridabad,"22,597Kms",Petrol,Sedan,1stOwner
2013,Toyota,Etios,3.45 Lakhs,Delhi,"40,765Kms",Petrol,Sedan,1stOwner
2016,Maruti,Suzuki,6.15 Lakhs,Faridabad,"47,010Kms",Petrol,Hatchback,1stOwner
2016,Maruti,Suzuki,6.15 Lakhs,Faridabad,"47,061Kms",Petrol,Hatchback,1stOwner
2016,Maruti,Suzuki,3.25 Lakhs,Noida,"26,610Kms",Petrol,Van,1stOwner
2018,Maruti,Suzuki,8.25 Lakhs,Noida,"69,400Kms",Diesel,SUV,1stOwner
2017,Volkswagen,Vento,9 Lakhs,Delhi,"39,030Kms",Diesel,Sedan,1stOwner
2015,Honda,Jazz,4.95 Lakhs,Noida,"68,065Kms",Petrol,Hatchback,1stOwner
2014,Hyundai,Verna,6.25 Lakhs,Ghaziabad,"54,161Kms",Diesel,Sedan,1stOwner
2014,Hyundai,Verna,5.75 Lakhs,Delhi,"55,916Kms",Diesel,Sedan,1stOwner
2013,Maruti,Suzuki,2.35 Lakhs,Faridabad,"68,532Kms",Petrol,Hatchback,1stOwner
2012,Renault,Pulse,2.65 Lakhs,Gurgaon,"55,224Kms",Petrol,Hatchback,1stOwner
2019,Renault,Kwid,3.75 Lakhs,Noida,"13,748Kms",Petrol,Hatchback,1stOwner
2014,Hyundai,I10,3.15 Lakhs,Gurgaon,"57,224Kms",Petrol,Hatchback,1stOwner
2016,Mahindra,Kuv100,4.65 Lakhs,Ghaziabad,"58,660Kms",Diesel,Hatchback,1stOwner
2013,Maruti,Suzuki,2.35 Lakhs,Faridabad,"68,532Kms",Petrol,Hatchback,1stOwner
2011,Nissan,Micra,2.77 Lakhs,Noida,"70,000Kms",Petrol,Hatchback,1stOwner
2012,Nissan,Micra,2.9 Lakhs,Noida,"46,350Kms",Petrol,Hatchback,1stOwner
2011,Nissan,Micra,2.77 Lakhs,Noida,"70,950Kms",Petrol,Hatchback,1stOwner
2016,Volkswagen,Ameo,4.49 Lakhs,Noida,"51,529Kms",Petrol,Sedan,1stOwner
2015,Maruti,Suzuki,5.85 Lakhs,Gurgaon,"49,098Kms",Petrol,Sedan,1stOwner
2013,Toyota,Corolla,6.5 Lakhs,Ghaziabad,"62,742Kms",Diesel,Sedan,1stOwner
2016,Volkswagen,Ameo,4.49 Lakhs,Noida,"51,000Kms",Petrol,Sedan,1stOwner
2019,Ford,Ecosport,11 Lakhs,Ghaziabad,"6,008Kms",Petrol,SUV,1stOwner
2012,Toyota,Etios,2.95 Lakhs,Delhi,"69,328Kms",Petrol,Hatchback,1stOwner
2017,Maruti,Suzuki,6.1 Lakhs,Delhi,"15,870Kms",Petrol,Hatchback,1stOwner
2016,Maruti,Suzuki,5.5 Lakhs,Delhi,"31,581Kms",Petrol,Hatchback,1stOwner
2015,Maruti,Suzuki,5.78 Lakhs,Noida,"63,314Kms",Diesel,Sedan,1stOwner
2015,Maruti,Suzuki,5.78 Lakhs,Noida,"63,000Kms",Diesel,Sedan,1stOwner
2014,Hyundai,Eon,2.35 Lakhs,Faridabad,"46,903Kms",Petrol,Hatchback,1stOwner
2015,Hyundai,Verna,6.65 Lakhs,Gurgaon,"52,323Kms",Diesel,Sedan,1stOwner
2016,Maruti,Suzuki,3.35 Lakhs,Delhi,"53,748Kms",CNG,Van,1stOwner
2019,Tata,Nexon,7.15 Lakhs,Noida,"25,000Kms",Petrol,Hatchback,1stOwner
2016,Maruti,Suzuki,5.45 Lakhs,Noida,"42,185Kms",Petrol,Hatchback,1stOwner
2011,Toyota,Fortuner,8.5 Lakhs,Faridabad,1.56Lakhs,Kms,Diesel,SUV2nd
2014,Hyundai,Grand,3.1 Lakhs,Faridabad,"75,323Kms",Diesel,Hatchback,1stOwner
2017,Ford,Figo,5.1 Lakhs,Delhi,"60,000Kms",Diesel,Sedan,1stOwner
2010,Ford,Figo,2.55 Lakhs,Noida,"74,000Kms",Petrol,Hatchback,1stOwner
2009,Honda,City,2.95 Lakhs,Noida,"82,000Kms",Petrol,Sedan,2ndOwner
2014,Hyundai,Grand,3.1 Lakhs,Faridabad,"75,323Kms",Diesel,Hatchback,1stOwner
2011,Maruti,Suzuki,2.1 Lakhs,Faridabad,"39,394Kms",Petrol,Hatchback,1stOwner
2011,Maruti,Suzuki,2.1 Lakhs,Faridabad,"39,394Kms",Petrol,Hatchback,1stOwner
2014,Toyota,Corolla,7.25 Lakhs,Gurgaon,"69,149Kms",Petrol,Sedan,2ndOwner
2011,Honda,City,3.65 Lakhs,Delhi,"60,000Kms",Petrol,Sedan,2ndOwner
2015,Hyundai,Grand,2.8 Lakhs,Faridabad,"70,990Kms",Diesel,Hatchback,3rdOwner
2014,Toyota,Etios,3 Lakhs,Faridabad,"80,530Kms",Diesel,Hatchback,1stOwner
2011,Honda,Accord,5.45 Lakhs,Delhi,"80,000Kms",Petrol,Sedan,1stOwner
2011,Honda,City,3.85 Lakhs,Noida,"60,665Kms",Petrol,+,CNGKit
2018,Maruti,Suzuki,8.5 Lakhs,Ghaziabad,"26,000Kms",Diesel,Sedan,1stOwner
2016,Toyota,Innova,14.9 Lakhs,Delhi,"85,000Kms",Diesel,MPV,1stOwner
2015,Maruti,Suzuki,3.5 Lakhs,Ghaziabad,"59,471Kms",CNG,+,CNGKit
2012,Honda,Jazz,3.55 Lakhs,Noida,"84,000Kms",Petrol,Hatchback,2ndOwner
2008,Maruti,Suzuki,1.95 Lakhs,Gurgaon,"76,000Kms",Petrol,Hatchback,1stOwner
2015,Hyundai,Creta,7.25 Lakhs,Delhi,1.12Lakhs,Kms,Petrol,CompactSUV1st
2015,Maruti,Suzuki,4.25 Lakhs,Ghaziabad,"50,000Kms",Petrol,Hatchback,1stOwner
2014,Maruti,Suzuki,5.5 Lakhs,Delhi,"75,000Kms",Petrol,Sedan,1stOwner
2016,Mahindra,E2o,3.95 Lakhs,Delhi,"15,000Kms",Electric,Hatchback,1stOwner
2011,Hyundai,I10,2.75 Lakhs,Noida,"98,153Kms",Petrol,Hatchback,1stOwner
2018,Ford,Endeavour,29 Lakhs,Delhi,1.22Lakhs,Kms,Diesel,SUV1st
2016,Hyundai,I20(2015_2017),6.25 Lakhs,Delhi,"52,000Kms",Petrol,Hatchback,1stOwner
2010,Hyundai,I10,2.75 Lakhs,Noida,"70,000Kms",Petrol,Hatchback,2ndOwner
2009,Hyundai,I10,1.95 Lakhs,Noida,"70,000Kms",Petrol,Hatchback,1stOwner
2016,Mahindra,E2o,4.5 Lakhs,Delhi,"15,000Kms",Electric,Hatchback,1stOwner
2014,Maruti,Suzuki,2.5 Lakhs,Delhi,"48,000Kms",Petrol,+,CNGKit
2013,Mercedes,Benz,12 Lakhs,Delhi,"61,000Kms",Diesel,Sedan,3rdOwner
2013,Nissan,Sunny,3.5 Lakhs,Delhi,"28,000Kms",Petrol,Sedan,2ndOwner
2013,Nissan,Sunny,3.45 Lakhs,Delhi,"62,000Kms",Petrol,Sedan,1stOwner
2012,Toyota,Fortuner,11.75 Lakhs,Delhi,"88,000Kms",Diesel,SUV,1stOwner
2010,Volkswagen,Beetle,13.25 Lakhs,Delhi,"43,000Kms",Petrol,Hatchback,2ndOwner
2008,Honda,Civic,2.35 Lakhs,Delhi,"62,000Kms",Petrol,Sedan,1stOwner
2016,Ford,Figo,3.8 Lakhs,Delhi,"62,000Kms",Diesel,Hatchback,1stOwner
2010,Toyota,Corolla,3.65 Lakhs,Delhi,"42,000Kms",Petrol,Sedan,1stOwner
2016,Volkswagen,Vento,6.85 Lakhs,Gurgaon,"47,083Kms",Petrol,Sedan,2ndOwner
2012,Maruti,Suzuki,2.95 Lakhs,Noida,"40,000Kms",Diesel,Sedan,2ndOwner
2009,Toyota,Corolla,2.75 Lakhs,Noida,"78,000Kms",Petrol,Sedan,1stOwner
2010,Hyundai,I20,2.3 Lakhs,Gurgaon,1.04Lakhs,Kms,Petrol,Hatchback1st
2009,Honda,City,2.75 Lakhs,Delhi,"70,000Kms",Petrol,Sedan,1stOwner
2011,Maruti,Suzuki,2.25 Lakhs,Gurgaon,"55,000Kms",Petrol,Sedan,1stOwner
2014,Hyundai,Grand,4.5 Lakhs,Delhi,"46,664Kms",Petrol,Hatchback,1stOwner
2006,Maruti,Suzuki,"90,000",Delhi,"86,000Kms",Petrol,Sedan,1stOwner
2006,Maruti,Suzuki,"90,000",Ghaziabad,"86,000Kms",Petrol,Sedan,1stOwner
2014,BMW,X5,28 Lakhs,Gurgaon,"73,000Kms",Diesel,SUV,2ndOwner
2016,Volkswagen,Polo,4.45 Lakhs,Gurgaon,1.15Lakhs,Kms,Diesel,Hatchback1st
2011,Volkswagen,Vento,2.75 Lakhs,Gurgaon,1.25Lakhs,Kms,Petrol,Sedan1st
2011,Honda,City,3.75 Lakhs,Delhi,"59,000Kms",Petrol,Sedan,2ndOwner
2010,Hyundai,Sonata,3 Lakhs,Delhi,"72,558Kms",Diesel,Sedan,1stOwner
2010,Hyundai,Sonata,3 Lakhs,Ghaziabad,"72,558Kms",Diesel,Sedan,1stOwner
2014,Volkswagen,Polo,4 Lakhs,Delhi,"20,000Kms",Petrol,Hatchback,1stOwner
2008,Honda,City,2.25 Lakhs,Delhi,1.22Lakhs,Kms,Petrol,Sedan2nd
2017,Honda,City,8.95 Lakhs,Delhi,"50,000Kms",Petrol,Sedan,1stOwner
2012,Maruti,Suzuki,2.95 Lakhs,Noida,"50,000Kms",Petrol,Hatchback,1stOwner
2013,Hyundai,I10,3.25 Lakhs,Noida,"80,780Kms",Petrol,Hatchback,2ndOwner
2011,Volkswagen,Polo,2.75 Lakhs,Delhi,"50,000Kms",Petrol,Hatchback,1stOwner
2010,Hyundai,I10,2.75 Lakhs,Noida,"40,000Kms",Petrol,Hatchback,2ndOwner
2011,Toyota,Fortuner,8.9 Lakhs,Faridabad,1.9Lakhs,Kms,Diesel,SUV1st
2010,Honda,Accord,3.95 Lakhs,Faridabad,"95,000Kms",Petrol,Sedan,2ndOwner
2010,Ford,Figo,2.15 Lakhs,Noida,"54,000Kms",Petrol,Hatchback,2ndOwner
2008,Maruti,Suzuki,2.45 Lakhs,Noida,"65,000Kms",Petrol,Sedan,1stOwner
2007,Honda,Accord,2.1 Lakhs,Faridabad,"55,000Kms",Petrol,Sedan,2ndOwner
2010,Chevrolet,Beat,1.85 Lakhs,Faridabad,"40,312Kms",Petrol,Hatchback,1stOwner
2010,Chevrolet,Beat,1.85 Lakhs,Faridabad,"40,312Kms",Petrol,Hatchback,1stOwner
2009,Maruti,Suzuki,2.35 Lakhs,Delhi,"73,246Kms",Petrol,Sedan,2ndOwner
2011,Tata,Indica,"45,000",Faridabad,1.22Lakhs,Kms,Diesel,Hatchback1st
2011,Hyundai,I10,2.35 Lakhs,Gurgaon,"79,862Kms",Petrol,Hatchback,1stOwner
2006,Honda,City,"85,000",Faridabad,"83,000Kms",Petrol,Sedan,1stOwner
2011,Hyundai,I20,2.75 Lakhs,Delhi,"68,174Kms",Petrol,Hatchback,3rdOwner
2010,Honda,City,3.8 Lakhs,Gurgaon,"96,487Kms",Petrol,Sedan,2ndOwner
2013,Mercedes,Benz,10.95 Lakhs,Gurgaon,"73,000Kms",Diesel,Sedan,2ndOwner
2011,Land,Rover,12.95 Lakhs,Gurgaon,"71,000Kms",Diesel,SUV,2ndOwner
2011,Hyundai,Santro,2.1 Lakhs,Gurgaon,"54,850Kms",Petrol,Hatchback,1stOwner
2017,Honda,Jazz,5.25 Lakhs,Faridabad,"57,000Kms",Petrol,Hatchback,1stOwner
2011,Chevrolet,Cruze,3 Lakhs,Ghaziabad,"55,982Kms",Diesel,Sedan,1stOwner
2017,Mahindra,Scorpio,11.5 Lakhs,Ghaziabad,"58,000Kms",Diesel,SUV,1stOwner
2013,Hyundai,I20,3.35 Lakhs,Noida,1.11Lakhs,Kms,Petrol,Hatchback1st
2010,Maruti,Suzuki,1.78 Lakhs,Gurgaon,"79,230Kms",Petrol,Hatchback,1stOwner
2015,Toyota,Corolla,9.85 Lakhs,Delhi,"71,000Kms",Petrol,Sedan,1stOwner
2010,Hyundai,I20,2.85 Lakhs,Noida,"49,616Kms",Petrol,Hatchback,1stOwner
2017,Maruti,Suzuki,4.15 Lakhs,Noida,"46,000Kms",CNG,+,CNGKit
2013,Maruti,Suzuki,3.7 Lakhs,Faridabad,"95,948Kms",Diesel,MUV,1stOwner
2009,Maruti,Suzuki,2.25 Lakhs,Gurgaon,"56,967Kms",Petrol,Sedan,1stOwner
2010,Volkswagen,Polo,2.25 Lakhs,Gurgaon,"73,297Kms",Petrol,Hatchback,1stOwner
2012,Skoda,Superb,3.95 Lakhs,Delhi,"60,000Kms",Petrol,Sedan,1stOwner
2011,Hyundai,I10,2.85 Lakhs,Ghaziabad,"54,852Kms",Petrol,Hatchback,1stOwner
2011,Maruti,Suzuki,1.2 Lakhs,Faridabad,"86,365Kms",CNG,+,CNGKit
2008,Hyundai,I10,1.65 Lakhs,Delhi,"82,000Kms",Petrol,Hatchback,1stOwner
2019,Toyota,Etios,5 Lakhs,Faridabad,"26,008Kms",Petrol,Hatchback,1stOwner
2011,Hyundai,Santro,2.05 Lakhs,Faridabad,"81,334Kms",Petrol,Hatchback,1stOwner
2013,Maruti,Suzuki,2.9 Lakhs,Faridabad,"63,289Kms",Diesel,Hatchback,2ndOwner
2007,Hyundai,Santro,1.2 Lakhs,Gurgaon,"88,000Kms",Petrol,Hatchback,2ndOwner
2007,Chevrolet,Aveo,1.05 Lakhs,Gurgaon,"59,107Kms",Petrol,Hatchback,1stOwner
2011,Chevrolet,Beat,1.8 Lakhs,Gurgaon,"68,464Kms",Petrol,Hatchback,1stOwner
2011,Volkswagen,Vento,3.8 Lakhs,Gurgaon,"89,339Kms",Petrol,Sedan,1stOwner
2015,Renault,Kwid,2.35 Lakhs,Delhi,"60,000Kms",Petrol,Hatchback,1stOwner
2011,Hyundai,Santro,1.85 Lakhs,Faridabad,"81,334Kms",Petrol,Hatchback,1stOwner
2016,Maruti,Suzuki,4.7 Lakhs,Delhi,"49,953Kms",Petrol,Sedan,1stOwner
2011,Volkswagen,Polo,2.95 Lakhs,Noida,"57,000Kms",Petrol,Hatchback,1stOwner
2010,Hyundai,I20,2.65 Lakhs,Noida,"49,000Kms",Petrol,Hatchback,1stOwner
2010,Maruti,Suzuki,2.35 Lakhs,Delhi,"44,960Kms",Petrol,Sedan,3rdOwner
2012,Maruti,Suzuki,1.99 Lakhs,Gurgaon,"88,725Kms",Petrol,Hatchback,2ndOwner
2013,Honda,Brio,3.25 Lakhs,Ghaziabad,"52,536Kms",Petrol,Hatchback,1stOwner
2011,Toyota,Fortuner,8.75 Lakhs,Gurgaon,1.44Lakhs,Kms,Diesel,SUV1st
2009,Maruti,Suzuki,2.65 Lakhs,Gurgaon,"41,900Kms",Petrol,Sedan,1stOwner
2007,Maruti,Suzuki,1.35 Lakhs,Gurgaon,"72,185Kms",Petrol,Hatchback,1stOwner
2012,Maruti,Suzuki,2.25 Lakhs,Ghaziabad,"54,235Kms",Petrol,Hatchback,1stOwner
2010,Mercedes,Benz,6.85 Lakhs,Gurgaon,"93,080Kms",Petrol,Sedan,3rdOwner
2017,Hyundai,I20,5.75 Lakhs,Ghaziabad,"28,978Kms",Petrol,Hatchback,1stOwner
2011,Ford,Figo,2.25 Lakhs,Noida,"65,000Kms",Petrol,Hatchback,1stOwner
2015,Audi,Q3,23.5 Lakhs,Ghaziabad,"12,692Kms",Diesel,SUV,1stOwner
2011,Hyundai,I10,2.75 Lakhs,Ghaziabad,"41,000Kms",Petrol,Hatchback,2ndOwner
2017,Maruti,Suzuki,3.75 Lakhs,Ghaziabad,"51,005Kms",Petrol,Hatchback,1stOwner
2016,Maruti,Suzuki,4.25 Lakhs,Ghaziabad,"34,523Kms",Petrol,Hatchback,1stOwner
2010,Hyundai,I10,2.1 Lakhs,Ghaziabad,"81,852Kms",Petrol,Hatchback,2ndOwner
2015,Volvo,Xc90,42 Lakhs,Gurgaon,"42,960Kms",Diesel,SUV,1stOwner
2017,BMW,X3,33 Lakhs,Gurgaon,"28,777Kms",Diesel,SUV,1stOwner
2013,Maruti,Suzuki,2.65 Lakhs,Faridabad,"63,000Kms",Diesel,Hatchback,2ndOwner
2012,Skoda,Rapid,2.95 Lakhs,Delhi,"69,345Kms",Diesel,Sedan,1stOwner
2010,Volkswagen,Polo,2.35 Lakhs,Gurgaon,"72,004Kms",Petrol,Hatchback,1stOwner
2008,Chevrolet,Spark,1.45 Lakhs,Noida,"50,000Kms",Petrol,Hatchback,1stOwner
2016,Honda,Jazz,5.25 Lakhs,Ghaziabad,"66,257Kms",Petrol,+,CNGKit
2011,Maruti,Suzuki,3.15 Lakhs,Noida,"83,192Kms",Petrol,Hatchback,1stOwner
2011,Honda,Accord,4.85 Lakhs,Delhi,"70,000Kms",Petrol,Sedan,2ndOwner
2015,Honda,Amaze,4.5 Lakhs,Delhi,"20,000Kms",Petrol,Sedan,1stOwner
2007,Ford,Ikon,1.1 Lakhs,Gurgaon,"2,373Kms",Petrol,Sedan,2ndOwner
2015,Mahindra,Scorpio,8.75 Lakhs,Gurgaon,1Lakhs,Kms,Diesel,SUV2nd
2010,Maruti,Suzuki,1.9 Lakhs,Gurgaon,1.19Lakhs,Kms,Petrol,Hatchback1st
2012,Toyota,Fortuner,11.75 Lakhs,Delhi,1.29Lakhs,Kms,Diesel,SUV2nd
2007,Maruti,Suzuki,1.5 Lakhs,Delhi,"71,000Kms",Petrol,Sedan,2ndOwner
2014,Honda,City,5.95 Lakhs,Ghaziabad,"48,523Kms",Petrol,Sedan,1stOwner
2011,Hyundai,I10,2.75 Lakhs,Noida,"58,000Kms",Petrol,Hatchback,1stOwner
2011,Hyundai,I10,2.55 Lakhs,Noida,"65,000Kms",Petrol,Hatchback,1stOwner
2011,Hyundai,I10,2.75 Lakhs,Noida,"64,272Kms",Petrol,Hatchback,1stOwner
2012,Ford,Fiesta,2.1 Lakhs,Gurgaon,"89,103Kms",Diesel,Sedan,1stOwner
2012,Ford,Figo,2.25 Lakhs,Gurgaon,"74,935Kms",Diesel,Hatchback,1stOwner
2011,Volkswagen,Vento,3.25 Lakhs,Gurgaon,"74,190Kms",Petrol,Sedan,1stOwner
2008,Chevrolet,Spark,1.45 Lakhs,Noida,"50,000Kms",Petrol,Hatchback,1stOwner
2011,Maruti,Suzuki,2.37 Lakhs,Noida,"48,000Kms",CNG,+,CNGKit
2014,Honda,City,6.5 Lakhs,Delhi,"69,630Kms",Petrol,Sedan,2ndOwner
2011,Maruti,Suzuki,2.37 Lakhs,Noida,"48,000Kms",Petrol,Hatchback,1stOwner
2011,Toyota,Etios,2.99 Lakhs,Noida,"65,000Kms",Petrol,Hatchback,1stOwner
2011,Ford,Figo,2.35 Lakhs,Noida,"80,349Kms",Petrol,Hatchback,1stOwner
2011,Honda,Accord,4.75 Lakhs,Delhi,"80,453Kms",Petrol,Sedan,2ndOwner
2010,Honda,Accord,3.65 Lakhs,Delhi,"72,000Kms",Petrol,Sedan,1stOwner
2016,Hyundai,Creta,8.5 Lakhs,Delhi,"80,000Kms",Diesel,CompactSUV,1stOwner
2009,Maruti,Suzuki,2.25 Lakhs,Gurgaon,1.32Lakhs,Kms,Petrol,#NAME?
2019,Maruti,Suzuki,7.5 Lakhs,Faridabad,"23,346Kms",Petrol,Hatchback,1stOwner
2017,Toyota,Innova,13.55 Lakhs,Gurgaon,1.19Lakhs,Kms,Diesel,MPV1st
2016,Renault,Kwid,3.55 Lakhs,Gurgaon,"39,957Kms",Petrol,Hatchback,1stOwner
2012,Renault,Pulse,1.95 Lakhs,Gurgaon,"72,136Kms",Diesel,Hatchback,1stOwner
2010,Mercedes,Benz,7.9 Lakhs,Gurgaon,"70,599Kms",Diesel,Sedan,1stOwner
2009,Toyota,Corolla,3.5 Lakhs,Delhi,1Lakhs,Kms,Petrol,Sedan1st
2007,Hyundai,Accent,1.15 Lakhs,Gurgaon,"86,000Kms",Petrol,Sedan,2ndOwner
2015,Maruti,Suzuki,3.3 Lakhs,Faridabad,"97,543Kms",CNG,+,CNGKit
2012,Maruti,Suzuki,2.3 Lakhs,Faridabad,"89,439Kms",Petrol,+,CNGKit
2010,Audi,Q7,12.85 Lakhs,Delhi,"73,000Kms",Diesel,SUV,3rdOwner
2011,Ford,Figo,2.25 Lakhs,Noida,1.25Lakhs,Kms,Petrol,Hatchback2nd
2016,Toyota,Corolla,12 Lakhs,Delhi,3.5Lakhs,Kms,Petrol,Sedan2nd
2011,Maruti,Suzuki,2.25 Lakhs,Delhi,"73,800Kms",Petrol,Hatchback,1stOwner
2013,Volkswagen,Polo,4.35 Lakhs,Delhi,"56,125Kms",Petrol,Hatchback,2ndOwner
2015,Hyundai,Grand,4.3 Lakhs,Noida,"65,000Kms",Petrol,+,CNGKit
2009,Chevrolet,Spark,1.35 Lakhs,Gurgaon,"45,514Kms",Petrol,Hatchback,1stOwner
2020,Mg,Hector,18.5 Lakhs,Ghaziabad,"13,500Kms",Diesel,SUV,1stOwner
2009,Hyundai,I10,1.5 Lakhs,Faridabad,"96,668Kms",Petrol,Hatchback,2ndOwner
2017,Jeep,Compass,13.99 Lakhs,Ghaziabad,"34,310Kms",Diesel,SUV,1stOwner
2011,Toyota,Etios,2.99 Lakhs,Noida,"65,000Kms",Petrol,Hatchback,1stOwner
2011,Toyota,Etios,,Noida,1Lakhs,Kms,Petrol,Hatchback1st
2012,Honda,Accord,6 Lakhs,Delhi,"50,000Kms",Petrol,Sedan,2ndOwner
2013,BMW,5,15 Lakhs,Delhi,"60,000Kms",Diesel,Sedan,1stOwner
2012,Volkswagen,Jetta,4.25 Lakhs,Delhi,"95,000Kms",Diesel,Sedan,2ndOwner
2010,Maruti,Suzuki,2.55 Lakhs,Noida,"65,000Kms",Petrol,Hatchback,1stOwner
2011,Hyundai,I10,2.75 Lakhs,Delhi,"38,831Kms",Petrol,Hatchback,2ndOwner
2011,Maruti,Suzuki,2.95 Lakhs,Noida,"65,000Kms",Petrol,Hatchback,1stOwner
2013,Toyota,Corolla,7 Lakhs,Delhi,"62,860Kms",Diesel,Sedan,1stOwner
2011,Chevrolet,Cruze,3 Lakhs,Delhi,"55,982Kms",Diesel,Sedan,2ndOwner
2007,Honda,City,2 Lakhs,Ghaziabad,1.05Lakhs,Kms,Petrol,Sedan4th
2007,Honda,City,1.8 Lakhs,Delhi,"78,000Kms",Petrol,Sedan,4thOwner
2010,Honda,City,2.85 Lakhs,Faridabad,"86,245Kms",Petrol,Sedan,1stOwner
2010,Honda,City,2.84 Lakhs,Faridabad,"86,245Kms",Petrol,Sedan,1stOwner
2019,Tata,Nexon,6.87 Lakhs,Delhi,"42,977Kms",Petrol,Hatchback,1stOwner
2014,Volkswagen,Vento,5.65 Lakhs,Noida,"65,000Kms",Petrol,Sedan,1stOwner
2014,Hyundai,I20,5.4 Lakhs,Gurgaon,"52,000Kms",Petrol,Hatchback,1stOwner
2012,Maruti,Suzuki,3.35 Lakhs,Delhi,"63,000Kms",Petrol,Sedan,1stOwner
